2026-07-28 12:21:06.742 [NO-ID] [main] INFO  c.b.b.BankingApiApplication - Starting BankingApiApplication using Java 25.0.3 with PID 7020 (/home/sandy/projects/banking-api/target/classes started by sandy in /home/sandy/projects/banking-api)
2026-07-28 12:21:06.744 [NO-ID] [main] DEBUG c.b.b.BankingApiApplication - Running with Spring Boot v4.1.0, Spring v7.0.8
2026-07-28 12:21:06.745 [NO-ID] [main] INFO  c.b.b.BankingApiApplication - No active profile set, falling back to 1 default profile: "default"
2026-07-28 12:21:08.294 [NO-ID] [main] INFO  o.s.boot.tomcat.TomcatWebServer - Tomcat initialized with port 8080 (http)
2026-07-28 12:21:08.305 [NO-ID] [main] INFO  o.a.catalina.core.StandardService - Starting service [Tomcat]
2026-07-28 12:21:08.306 [NO-ID] [main] INFO  o.a.catalina.core.StandardEngine - Starting Servlet engine: [Apache Tomcat/11.0.22]
2026-07-28 12:21:08.339 [NO-ID] [main] INFO  o.s.b.w.c.s.WebApplicationContextInitializer - Root WebApplicationContext: initialization completed in 1547 ms
2026-07-28 12:21:08.612 [NO-ID] [main] DEBUG c.b.b.config.JwtAuthenticationFilter - Filter 'jwtAuthenticationFilter' configured for use
2026-07-28 12:21:08.614 [NO-ID] [main] DEBUG c.b.b.config.RequestLoggingFilter - Filter 'requestLoggingFilter' configured for use
2026-07-28 12:21:08.614 [NO-ID] [main] DEBUG c.b.b.config.RateLimiterFilter - Filter 'rateLimiterFilter' configured for use
2026-07-28 12:21:08.788 [NO-ID] [main] INFO  o.s.s.c.a.a.c.InitializeUserDetailsBeanManagerConfigurer$InitializeUserDetailsManagerConfigurer - Global AuthenticationManager configured with UserDetailsService bean with name customUserDetailsService
2026-07-28 12:21:09.514 [NO-ID] [main] INFO  o.s.b.a.e.web.EndpointLinksResolver - Exposing 2 endpoints beneath base path '/actuator'
2026-07-28 12:21:09.595 [NO-ID] [main] INFO  o.s.boot.tomcat.TomcatWebServer - Tomcat started on port 8080 (http) with context path '/'
2026-07-28 12:21:09.603 [NO-ID] [main] INFO  c.b.b.BankingApiApplication - Started BankingApiApplication in 3.519 seconds (process running for 3.852)
2026-07-28 12:23:29.262 [NO-ID] [http-nio-8080-exec-2] INFO  o.a.c.c.C.[Tomcat].[localhost].[/] - Initializing Spring DispatcherServlet 'dispatcherServlet'
2026-07-28 12:23:29.263 [NO-ID] [http-nio-8080-exec-2] INFO  o.s.web.servlet.DispatcherServlet - Initializing Servlet 'dispatcherServlet'
2026-07-28 12:23:29.265 [NO-ID] [http-nio-8080-exec-2] INFO  o.s.web.servlet.DispatcherServlet - Completed initialization in 1 ms
2026-07-28 12:23:29.616 [NO-ID] [http-nio-8080-exec-2] DEBUG o.s.jdbc.core.JdbcTemplate - Executing prepared SQL query
2026-07-28 12:23:29.618 [NO-ID] [http-nio-8080-exec-2] DEBUG o.s.jdbc.core.JdbcTemplate - Executing prepared SQL statement [SELECT * FROM users WHERE username = ?]
2026-07-28 12:23:29.627 [NO-ID] [http-nio-8080-exec-2] DEBUG o.s.jdbc.datasource.DataSourceUtils - Fetching JDBC Connection from DataSource
2026-07-28 12:23:29.627 [NO-ID] [http-nio-8080-exec-2] INFO  com.zaxxer.hikari.HikariDataSource - BankHikariPool - Starting...
2026-07-28 12:23:30.179 [NO-ID] [http-nio-8080-exec-2] INFO  com.zaxxer.hikari.pool.HikariPool - BankHikariPool - Added connection org.postgresql.jdbc.PgConnection@133015e
2026-07-28 12:23:30.185 [NO-ID] [http-nio-8080-exec-2] INFO  com.zaxxer.hikari.HikariDataSource - BankHikariPool - Start completed.
2026-07-28 12:23:30.340 [NO-ID] [http-nio-8080-exec-2] DEBUG o.s.jdbc.core.JdbcTemplate - Executing prepared SQL query
2026-07-28 12:23:30.340 [NO-ID] [http-nio-8080-exec-2] DEBUG o.s.jdbc.core.JdbcTemplate - Executing prepared SQL statement [SELECT * FROM users WHERE username = ?]
2026-07-28 12:23:30.340 [NO-ID] [http-nio-8080-exec-2] DEBUG o.s.jdbc.datasource.DataSourceUtils - Fetching JDBC Connection from DataSource
2026-07-28 12:23:48.431 [NO-ID] [http-nio-8080-exec-3] ERROR o.a.c.c.C.[.[.[.[dispatcherServlet] - Servlet.service() for servlet [dispatcherServlet] in context with path [] threw exception
com.bank.banking_api.exception.JwtTokenExpiredException: Jwt token has expired
	at com.bank.banking_api.security.JwtTokenProvider.extractAllClaimsFromToken(JwtTokenProvider.java:67)
	at com.bank.banking_api.security.JwtTokenProvider.getUserIdFromToken(JwtTokenProvider.java:74)
	at com.bank.banking_api.config.JwtAuthenticationFilter.doFilterInternal(JwtAuthenticationFilter.java:42)
	at org.springframework.web.filter.OncePerRequestFilter.doFilter(OncePerRequestFilter.java:116)
	at org.springframework.security.web.ObservationFilterChainDecorator$ObservationFilter.wrapFilter(ObservationFilterChainDecorator.java:243)
	at org.springframework.security.web.ObservationFilterChainDecorator$ObservationFilter.doFilter(ObservationFilterChainDecorator.java:230)
	at org.springframework.security.web.ObservationFilterChainDecorator$VirtualFilterChain.doFilter(ObservationFilterChainDecorator.java:140)
	at com.bank.banking_api.config.RateLimiterFilter.doFilterInternal(RateLimiterFilter.java:38)
	at org.springframework.web.filter.OncePerRequestFilter.doFilter(OncePerRequestFilter.java:116)
	at org.springframework.security.web.ObservationFilterChainDecorator$ObservationFilter.wrapFilter(ObservationFilterChainDecorator.java:243)
	at org.springframework.security.web.ObservationFilterChainDecorator$ObservationFilter.doFilter(ObservationFilterChainDecorator.java:230)
	at org.springframework.security.web.ObservationFilterChainDecorator$VirtualFilterChain.doFilter(ObservationFilterChainDecorator.java:140)
	at org.springframework.security.web.authentication.logout.LogoutFilter.doFilter(LogoutFilter.java:110)
	at org.springframework.security.web.authentication.logout.LogoutFilter.doFilter(LogoutFilter.java:96)
	at org.springframework.security.web.ObservationFilterChainDecorator$ObservationFilter.wrapFilter(ObservationFilterChainDecorator.java:243)
	at org.springframework.security.web.ObservationFilterChainDecorator$ObservationFilter.doFilter(ObservationFilterChainDecorator.java:230)
	at org.springframework.security.web.ObservationFilterChainDecorator$VirtualFilterChain.doFilter(ObservationFilterChainDecorator.java:140)
	at org.springframework.security.web.header.HeaderWriterFilter.doHeadersAfter(HeaderWriterFilter.java:90)
	at org.springframework.security.web.header.HeaderWriterFilter.doFilterInternal(HeaderWriterFilter.java:75)
	at org.springframework.web.filter.OncePerRequestFilter.doFilter(OncePerRequestFilter.java:116)
	at org.springframework.security.web.ObservationFilterChainDecorator$ObservationFilter.wrapFilter(ObservationFilterChainDecorator.java:243)
	at org.springframework.security.web.ObservationFilterChainDecorator$ObservationFilter.doFilter(ObservationFilterChainDecorator.java:230)
	at org.springframework.security.web.ObservationFilterChainDecorator$VirtualFilterChain.doFilter(ObservationFilterChainDecorator.java:140)
	at org.springframework.security.web.context.SecurityContextHolderFilter.doFilter(SecurityContextHolderFilter.java:82)
	at org.springframework.security.web.context.SecurityContextHolderFilter.doFilter(SecurityContextHolderFilter.java:69)
	at org.springframework.security.web.ObservationFilterChainDecorator$ObservationFilter.wrapFilter(ObservationFilterChainDecorator.java:243)
	at org.springframework.security.web.ObservationFilterChainDecorator$ObservationFilter.doFilter(ObservationFilterChainDecorator.java:230)
	at org.springframework.security.web.ObservationFilterChainDecorator$VirtualFilterChain.doFilter(ObservationFilterChainDecorator.java:140)
	at org.springframework.security.web.context.request.async.WebAsyncManagerIntegrationFilter.doFilterInternal(WebAsyncManagerIntegrationFilter.java:62)
	at org.springframework.web.filter.OncePerRequestFilter.doFilter(OncePerRequestFilter.java:116)
	at org.springframework.security.web.ObservationFilterChainDecorator$ObservationFilter.wrapFilter(ObservationFilterChainDecorator.java:243)
	at org.springframework.security.web.ObservationFilterChainDecorator$ObservationFilter.doFilter(ObservationFilterChainDecorator.java:230)
	at org.springframework.security.web.ObservationFilterChainDecorator$VirtualFilterChain.doFilter(ObservationFilterChainDecorator.java:140)
	at org.springframework.security.web.session.DisableEncodeUrlFilter.doFilterInternal(DisableEncodeUrlFilter.java:42)
	at org.springframework.web.filter.OncePerRequestFilter.doFilter(OncePerRequestFilter.java:116)
	at org.springframework.security.web.ObservationFilterChainDecorator$ObservationFilter.wrapFilter(ObservationFilterChainDecorator.java:243)
	at org.springframework.security.web.ObservationFilterChainDecorator$AroundFilterObservation$SimpleAroundFilterObservation.lambda$wrap$0(ObservationFilterChainDecorator.java:336)
	at org.springframework.security.web.ObservationFilterChainDecorator$ObservationFilter.doFilter(ObservationFilterChainDecorator.java:227)
	at org.springframework.security.web.ObservationFilterChainDecorator$VirtualFilterChain.doFilter(ObservationFilterChainDecorator.java:140)
	at org.springframework.security.web.FilterChainProxy.doFilterInternal(FilterChainProxy.java:237)
	at org.springframework.security.web.FilterChainProxy.doFilter(FilterChainProxy.java:195)
	at org.springframework.web.filter.CompositeFilter$VirtualFilterChain.doFilter(CompositeFilter.java:113)
	at org.springframework.web.filter.ServletRequestPathFilter.doFilter(ServletRequestPathFilter.java:52)
	at org.springframework.web.filter.CompositeFilter$VirtualFilterChain.doFilter(CompositeFilter.java:113)
	at org.springframework.web.filter.CompositeFilter.doFilter(CompositeFilter.java:74)
	at org.springframework.security.config.annotation.web.configuration.WebSecurityConfiguration$CompositeFilterChainProxy.doFilter(WebSecurityConfiguration.java:317)
	at org.springframework.web.filter.DelegatingFilterProxy.invokeDelegate(DelegatingFilterProxy.java:355)
	at org.springframework.web.filter.DelegatingFilterProxy.doFilter(DelegatingFilterProxy.java:272)
	at org.apache.catalina.core.ApplicationFilterChain.doFilter(ApplicationFilterChain.java:107)
	at org.springframework.web.filter.RequestContextFilter.doFilterInternal(RequestContextFilter.java:100)
	at org.springframework.web.filter.OncePerRequestFilter.doFilter(OncePerRequestFilter.java:116)
	at org.apache.catalina.core.ApplicationFilterChain.doFilter(ApplicationFilterChain.java:107)
	at org.springframework.web.filter.FormContentFilter.doFilterInternal(FormContentFilter.java:93)
	at org.springframework.web.filter.OncePerRequestFilter.doFilter(OncePerRequestFilter.java:116)
	at org.apache.catalina.core.ApplicationFilterChain.doFilter(ApplicationFilterChain.java:107)
	at org.springframework.web.filter.ServerHttpObservationFilter.doFilterInternal(ServerHttpObservationFilter.java:110)
	at org.springframework.web.filter.OncePerRequestFilter.doFilter(OncePerRequestFilter.java:116)
	at org.apache.catalina.core.ApplicationFilterChain.doFilter(ApplicationFilterChain.java:107)
	at org.springframework.web.filter.CharacterEncodingFilter.doFilterInternal(CharacterEncodingFilter.java:199)
	at org.springframework.web.filter.OncePerRequestFilter.doFilter(OncePerRequestFilter.java:116)
	at org.apache.catalina.core.ApplicationFilterChain.doFilter(ApplicationFilterChain.java:107)
	at com.bank.banking_api.config.RequestLoggingFilter.doFilterInternal(RequestLoggingFilter.java:43)
	at org.springframework.web.filter.OncePerRequestFilter.doFilter(OncePerRequestFilter.java:116)
	at org.apache.catalina.core.ApplicationFilterChain.doFilter(ApplicationFilterChain.java:107)
	at org.apache.catalina.core.StandardWrapperValve.invoke(StandardWrapperValve.java:165)
	at org.apache.catalina.core.StandardContextValve.invoke(StandardContextValve.java:77)
	at org.apache.catalina.authenticator.AuthenticatorBase.invoke(AuthenticatorBase.java:492)
	at org.apache.catalina.core.StandardHostValve.invoke(StandardHostValve.java:113)
	at org.apache.catalina.valves.ErrorReportValve.invoke(ErrorReportValve.java:83)
	at org.apache.catalina.core.StandardEngineValve.invoke(StandardEngineValve.java:72)
	at org.apache.catalina.connector.CoyoteAdapter.service(CoyoteAdapter.java:341)
	at org.apache.coyote.http11.Http11Processor.service(Http11Processor.java:397)
	at org.apache.coyote.AbstractProcessorLight.process(AbstractProcessorLight.java:63)
	at org.apache.coyote.AbstractProtocol$ConnectionHandler.process(AbstractProtocol.java:1272)
	at org.apache.tomcat.util.net.NioEndpoint$SocketProcessor.doRun(NioEndpoint.java:1801)
	at org.apache.tomcat.util.net.SocketProcessorBase.run(SocketProcessorBase.java:52)
	at org.apache.tomcat.util.threads.ThreadPoolExecutor.runWorker(ThreadPoolExecutor.java:946)
	at org.apache.tomcat.util.threads.ThreadPoolExecutor$Worker.run(ThreadPoolExecutor.java:480)
	at org.apache.tomcat.util.threads.TaskThread$WrappingRunnable.run(TaskThread.java:57)
	at java.base/java.lang.Thread.run(Thread.java:1474)
2026-07-28 12:23:48.446 [NO-ID] [http-nio-8080-exec-3] WARN  SecurityAudit - Authentication failed for path /error: Full authentication is required to access this resource
2026-07-28 12:24:32.978 [NO-ID] [http-nio-8080-exec-4] DEBUG o.s.jdbc.core.JdbcTemplate - Executing prepared SQL query
2026-07-28 12:24:32.979 [NO-ID] [http-nio-8080-exec-4] DEBUG o.s.jdbc.core.JdbcTemplate - Executing prepared SQL statement [SELECT * FROM users WHERE username = ?]
2026-07-28 12:24:32.979 [NO-ID] [http-nio-8080-exec-4] DEBUG o.s.jdbc.datasource.DataSourceUtils - Fetching JDBC Connection from DataSource
2026-07-28 12:24:32.984 [NO-ID] [http-nio-8080-exec-4] DEBUG o.s.jdbc.core.JdbcTemplate - Executing prepared SQL query
2026-07-28 12:24:32.984 [NO-ID] [http-nio-8080-exec-4] DEBUG o.s.jdbc.core.JdbcTemplate - Executing prepared SQL statement [SELECT * FROM users WHERE username = ?]
2026-07-28 12:24:32.984 [NO-ID] [http-nio-8080-exec-4] DEBUG o.s.jdbc.datasource.DataSourceUtils - Fetching JDBC Connection from DataSource
2026-07-28 12:24:47.491 [NO-ID] [http-nio-8080-exec-5] ERROR o.a.c.c.C.[.[.[.[dispatcherServlet] - Servlet.service() for servlet [dispatcherServlet] in context with path [] threw exception
com.bank.banking_api.exception.JwtTokenExpiredException: Jwt token has expired
	at com.bank.banking_api.security.JwtTokenProvider.extractAllClaimsFromToken(JwtTokenProvider.java:67)
	at com.bank.banking_api.security.JwtTokenProvider.getUserIdFromToken(JwtTokenProvider.java:74)
	at com.bank.banking_api.config.JwtAuthenticationFilter.doFilterInternal(JwtAuthenticationFilter.java:42)
	at org.springframework.web.filter.OncePerRequestFilter.doFilter(OncePerRequestFilter.java:116)
	at org.springframework.security.web.ObservationFilterChainDecorator$ObservationFilter.wrapFilter(ObservationFilterChainDecorator.java:243)
	at org.springframework.security.web.ObservationFilterChainDecorator$ObservationFilter.doFilter(ObservationFilterChainDecorator.java:230)
	at org.springframework.security.web.ObservationFilterChainDecorator$VirtualFilterChain.doFilter(ObservationFilterChainDecorator.java:140)
	at com.bank.banking_api.config.RateLimiterFilter.doFilterInternal(RateLimiterFilter.java:38)
	at org.springframework.web.filter.OncePerRequestFilter.doFilter(OncePerRequestFilter.java:116)
	at org.springframework.security.web.ObservationFilterChainDecorator$ObservationFilter.wrapFilter(ObservationFilterChainDecorator.java:243)
	at org.springframework.security.web.ObservationFilterChainDecorator$ObservationFilter.doFilter(ObservationFilterChainDecorator.java:230)
	at org.springframework.security.web.ObservationFilterChainDecorator$VirtualFilterChain.doFilter(ObservationFilterChainDecorator.java:140)
	at org.springframework.security.web.authentication.logout.LogoutFilter.doFilter(LogoutFilter.java:110)
	at org.springframework.security.web.authentication.logout.LogoutFilter.doFilter(LogoutFilter.java:96)
	at org.springframework.security.web.ObservationFilterChainDecorator$ObservationFilter.wrapFilter(ObservationFilterChainDecorator.java:243)
	at org.springframework.security.web.ObservationFilterChainDecorator$ObservationFilter.doFilter(ObservationFilterChainDecorator.java:230)
	at org.springframework.security.web.ObservationFilterChainDecorator$VirtualFilterChain.doFilter(ObservationFilterChainDecorator.java:140)
	at org.springframework.security.web.header.HeaderWriterFilter.doHeadersAfter(HeaderWriterFilter.java:90)
	at org.springframework.security.web.header.HeaderWriterFilter.doFilterInternal(HeaderWriterFilter.java:75)
	at org.springframework.web.filter.OncePerRequestFilter.doFilter(OncePerRequestFilter.java:116)
	at org.springframework.security.web.ObservationFilterChainDecorator$ObservationFilter.wrapFilter(ObservationFilterChainDecorator.java:243)
	at org.springframework.security.web.ObservationFilterChainDecorator$ObservationFilter.doFilter(ObservationFilterChainDecorator.java:230)
	at org.springframework.security.web.ObservationFilterChainDecorator$VirtualFilterChain.doFilter(ObservationFilterChainDecorator.java:140)
	at org.springframework.security.web.context.SecurityContextHolderFilter.doFilter(SecurityContextHolderFilter.java:82)
	at org.springframework.security.web.context.SecurityContextHolderFilter.doFilter(SecurityContextHolderFilter.java:69)
	at org.springframework.security.web.ObservationFilterChainDecorator$ObservationFilter.wrapFilter(ObservationFilterChainDecorator.java:243)
	at org.springframework.security.web.ObservationFilterChainDecorator$ObservationFilter.doFilter(ObservationFilterChainDecorator.java:230)
	at org.springframework.security.web.ObservationFilterChainDecorator$VirtualFilterChain.doFilter(ObservationFilterChainDecorator.java:140)
	at org.springframework.security.web.context.request.async.WebAsyncManagerIntegrationFilter.doFilterInternal(WebAsyncManagerIntegrationFilter.java:62)
	at org.springframework.web.filter.OncePerRequestFilter.doFilter(OncePerRequestFilter.java:116)
	at org.springframework.security.web.ObservationFilterChainDecorator$ObservationFilter.wrapFilter(ObservationFilterChainDecorator.java:243)
	at org.springframework.security.web.ObservationFilterChainDecorator$ObservationFilter.doFilter(ObservationFilterChainDecorator.java:230)
	at org.springframework.security.web.ObservationFilterChainDecorator$VirtualFilterChain.doFilter(ObservationFilterChainDecorator.java:140)
	at org.springframework.security.web.session.DisableEncodeUrlFilter.doFilterInternal(DisableEncodeUrlFilter.java:42)
	at org.springframework.web.filter.OncePerRequestFilter.doFilter(OncePerRequestFilter.java:116)
	at org.springframework.security.web.ObservationFilterChainDecorator$ObservationFilter.wrapFilter(ObservationFilterChainDecorator.java:243)
	at org.springframework.security.web.ObservationFilterChainDecorator$AroundFilterObservation$SimpleAroundFilterObservation.lambda$wrap$0(ObservationFilterChainDecorator.java:336)
	at org.springframework.security.web.ObservationFilterChainDecorator$ObservationFilter.doFilter(ObservationFilterChainDecorator.java:227)
	at org.springframework.security.web.ObservationFilterChainDecorator$VirtualFilterChain.doFilter(ObservationFilterChainDecorator.java:140)
	at org.springframework.security.web.FilterChainProxy.doFilterInternal(FilterChainProxy.java:237)
	at org.springframework.security.web.FilterChainProxy.doFilter(FilterChainProxy.java:195)
	at org.springframework.web.filter.CompositeFilter$VirtualFilterChain.doFilter(CompositeFilter.java:113)
	at org.springframework.web.filter.ServletRequestPathFilter.doFilter(ServletRequestPathFilter.java:52)
	at org.springframework.web.filter.CompositeFilter$VirtualFilterChain.doFilter(CompositeFilter.java:113)
	at org.springframework.web.filter.CompositeFilter.doFilter(CompositeFilter.java:74)
	at org.springframework.security.config.annotation.web.configuration.WebSecurityConfiguration$CompositeFilterChainProxy.doFilter(WebSecurityConfiguration.java:317)
	at org.springframework.web.filter.DelegatingFilterProxy.invokeDelegate(DelegatingFilterProxy.java:355)
	at org.springframework.web.filter.DelegatingFilterProxy.doFilter(DelegatingFilterProxy.java:272)
	at org.apache.catalina.core.ApplicationFilterChain.doFilter(ApplicationFilterChain.java:107)
	at org.springframework.web.filter.RequestContextFilter.doFilterInternal(RequestContextFilter.java:100)
	at org.springframework.web.filter.OncePerRequestFilter.doFilter(OncePerRequestFilter.java:116)
	at org.apache.catalina.core.ApplicationFilterChain.doFilter(ApplicationFilterChain.java:107)
	at org.springframework.web.filter.FormContentFilter.doFilterInternal(FormContentFilter.java:93)
	at org.springframework.web.filter.OncePerRequestFilter.doFilter(OncePerRequestFilter.java:116)
	at org.apache.catalina.core.ApplicationFilterChain.doFilter(ApplicationFilterChain.java:107)
	at org.springframework.web.filter.ServerHttpObservationFilter.doFilterInternal(ServerHttpObservationFilter.java:110)
	at org.springframework.web.filter.OncePerRequestFilter.doFilter(OncePerRequestFilter.java:116)
	at org.apache.catalina.core.ApplicationFilterChain.doFilter(ApplicationFilterChain.java:107)
	at org.springframework.web.filter.CharacterEncodingFilter.doFilterInternal(CharacterEncodingFilter.java:199)
	at org.springframework.web.filter.OncePerRequestFilter.doFilter(OncePerRequestFilter.java:116)
	at org.apache.catalina.core.ApplicationFilterChain.doFilter(ApplicationFilterChain.java:107)
	at com.bank.banking_api.config.RequestLoggingFilter.doFilterInternal(RequestLoggingFilter.java:43)
	at org.springframework.web.filter.OncePerRequestFilter.doFilter(OncePerRequestFilter.java:116)
	at org.apache.catalina.core.ApplicationFilterChain.doFilter(ApplicationFilterChain.java:107)
	at org.apache.catalina.core.StandardWrapperValve.invoke(StandardWrapperValve.java:165)
	at org.apache.catalina.core.StandardContextValve.invoke(StandardContextValve.java:77)
	at org.apache.catalina.authenticator.AuthenticatorBase.invoke(AuthenticatorBase.java:492)
	at org.apache.catalina.core.StandardHostValve.invoke(StandardHostValve.java:113)
	at org.apache.catalina.valves.ErrorReportValve.invoke(ErrorReportValve.java:83)
	at org.apache.catalina.core.StandardEngineValve.invoke(StandardEngineValve.java:72)
	at org.apache.catalina.connector.CoyoteAdapter.service(CoyoteAdapter.java:341)
	at org.apache.coyote.http11.Http11Processor.service(Http11Processor.java:397)
	at org.apache.coyote.AbstractProcessorLight.process(AbstractProcessorLight.java:63)
	at org.apache.coyote.AbstractProtocol$ConnectionHandler.process(AbstractProtocol.java:1272)
	at org.apache.tomcat.util.net.NioEndpoint$SocketProcessor.doRun(NioEndpoint.java:1801)
	at org.apache.tomcat.util.net.SocketProcessorBase.run(SocketProcessorBase.java:52)
	at org.apache.tomcat.util.threads.ThreadPoolExecutor.runWorker(ThreadPoolExecutor.java:946)
	at org.apache.tomcat.util.threads.ThreadPoolExecutor$Worker.run(ThreadPoolExecutor.java:480)
	at org.apache.tomcat.util.threads.TaskThread$WrappingRunnable.run(TaskThread.java:57)
	at java.base/java.lang.Thread.run(Thread.java:1474)
2026-07-28 12:24:47.494 [NO-ID] [http-nio-8080-exec-5] WARN  SecurityAudit - Authentication failed for path /error: Full authentication is required to access this resource
2026-07-28 12:27:32.501 [NO-ID] [http-nio-8080-exec-7] DEBUG o.s.jdbc.core.JdbcTemplate - Executing prepared SQL query
2026-07-28 12:27:32.501 [NO-ID] [http-nio-8080-exec-7] DEBUG o.s.jdbc.core.JdbcTemplate - Executing prepared SQL statement [SELECT * FROM users WHERE id = ?]
2026-07-28 12:27:32.501 [NO-ID] [http-nio-8080-exec-7] DEBUG o.s.jdbc.datasource.DataSourceUtils - Fetching JDBC Connection from DataSource
2026-07-28 12:27:32.538 [NO-ID] [http-nio-8080-exec-7] DEBUG o.s.j.support.JdbcTransactionManager - Creating new transaction with name [com.bank.banking_api.service.AccountService.withdraw]: PROPAGATION_REQUIRED,ISOLATION_DEFAULT
2026-07-28 12:27:32.540 [NO-ID] [http-nio-8080-exec-7] DEBUG o.s.j.support.JdbcTransactionManager - Acquired Connection [HikariProxyConnection@903414445 wrapping org.postgresql.jdbc.PgConnection@133015e] for JDBC transaction
2026-07-28 12:27:32.542 [NO-ID] [http-nio-8080-exec-7] DEBUG o.s.j.support.JdbcTransactionManager - Switching JDBC Connection [HikariProxyConnection@903414445 wrapping org.postgresql.jdbc.PgConnection@133015e] to manual commit
2026-07-28 12:27:32.552 [NO-ID] [http-nio-8080-exec-7] DEBUG o.s.jdbc.core.JdbcTemplate - Executing prepared SQL query
2026-07-28 12:27:32.552 [NO-ID] [http-nio-8080-exec-7] DEBUG o.s.jdbc.core.JdbcTemplate - Executing prepared SQL statement [Select * from accounts where account_number = ?]
2026-07-28 12:27:32.560 [NO-ID] [http-nio-8080-exec-7] DEBUG o.s.jdbc.core.JdbcTemplate - Executing prepared SQL query
2026-07-28 12:27:32.560 [NO-ID] [http-nio-8080-exec-7] DEBUG o.s.jdbc.core.JdbcTemplate - Executing prepared SQL statement [Select * from accounts where account_number = ?]
2026-07-28 12:27:32.562 [NO-ID] [http-nio-8080-exec-7] DEBUG o.s.jdbc.core.JdbcTemplate - Executing prepared SQL query
2026-07-28 12:27:32.562 [NO-ID] [http-nio-8080-exec-7] DEBUG o.s.jdbc.core.JdbcTemplate - Executing prepared SQL statement [Select * from transactions where idempotency_key=?]
2026-07-28 12:27:32.569 [NO-ID] [http-nio-8080-exec-7] DEBUG o.s.j.support.JdbcTransactionManager - Participating in existing transaction
2026-07-28 12:27:32.569 [NO-ID] [http-nio-8080-exec-7] DEBUG o.s.jdbc.core.JdbcTemplate - Executing prepared SQL update
2026-07-28 12:27:32.569 [NO-ID] [http-nio-8080-exec-7] DEBUG o.s.jdbc.core.JdbcTemplate - Executing prepared SQL statement [Update accounts SET balance_amount=?,updated_at=? where account_number=?]
2026-07-28 12:27:32.576 [NO-ID] [http-nio-8080-exec-7] DEBUG o.s.jdbc.core.JdbcTemplate - Executing prepared SQL update
2026-07-28 12:27:32.576 [NO-ID] [http-nio-8080-exec-7] DEBUG o.s.jdbc.core.JdbcTemplate - Executing prepared SQL statement [Insert into transactions (id, type,from_account,to_account ,amount,currency,status,idempotency_key,created_at,response_cache,error_message,completed_at)
values (?,?,?,?,?,?,?,?,?,?,?,?)
]
2026-07-28 12:27:32.587 [NO-ID] [http-nio-8080-exec-7] DEBUG o.s.j.s.SQLStateSQLExceptionTranslator - Extracted SQL state class '23' from value '23502'
2026-07-28 12:27:32.590 [NO-ID] [http-nio-8080-exec-7] DEBUG o.s.j.support.JdbcTransactionManager - Initiating transaction rollback
2026-07-28 12:27:32.590 [NO-ID] [http-nio-8080-exec-7] DEBUG o.s.j.support.JdbcTransactionManager - Rolling back JDBC transaction on Connection [HikariProxyConnection@903414445 wrapping org.postgresql.jdbc.PgConnection@133015e]
2026-07-28 12:27:32.592 [NO-ID] [http-nio-8080-exec-7] DEBUG o.s.j.support.JdbcTransactionManager - Releasing JDBC Connection [HikariProxyConnection@903414445 wrapping org.postgresql.jdbc.PgConnection@133015e] after transaction
2026-07-28 12:27:32.594 [NO-ID] [http-nio-8080-exec-7] ERROR c.b.b.e.GlobalExceptionHandler - Unexpected error occured at path: /api/accounts/ACC-Deep-003/withdraw
org.springframework.dao.DataIntegrityViolationException: PreparedStatementCallback; SQL [Insert into transactions (id, type,from_account,to_account ,amount,currency,status,idempotency_key,created_at,response_cache,error_message,completed_at)
values (?,?,?,?,?,?,?,?,?,?,?,?)
]; ERROR: null value in column "idempotency_key" of relation "transactions" violates not-null constraint
  Detail: Failing row contains (41456d97-aad8-44f8-9e70-1ea1e19cc668, WITHDRAW, ACC-Deep-003, null, 50.0000, USD, COMMITTED, null, 2026-07-28 12:27:32.576161, 2026-07-28 12:27:32.576111, Success, none).
	at org.springframework.jdbc.support.SQLStateSQLExceptionTranslator.doTranslate(SQLStateSQLExceptionTranslator.java:140)
	at org.springframework.jdbc.support.AbstractFallbackSQLExceptionTranslator.translate(AbstractFallbackSQLExceptionTranslator.java:102)
	at org.springframework.jdbc.support.AbstractFallbackSQLExceptionTranslator.translate(AbstractFallbackSQLExceptionTranslator.java:111)
	at org.springframework.jdbc.core.JdbcTemplate.translateException(JdbcTemplate.java:1549)
	at org.springframework.jdbc.core.JdbcTemplate.execute(JdbcTemplate.java:689)
	at org.springframework.jdbc.core.JdbcTemplate.update(JdbcTemplate.java:966)
	at org.springframework.jdbc.core.JdbcTemplate.update(JdbcTemplate.java:1010)
	at org.springframework.jdbc.core.JdbcTemplate.update(JdbcTemplate.java:1020)
	at com.bank.banking_api.persistence.JdbcTransactionRepository.save(JdbcTransactionRepository.java:55)
	at java.base/jdk.internal.reflect.DirectMethodHandleAccessor.invoke(DirectMethodHandleAccessor.java:104)
	at java.base/java.lang.reflect.Method.invoke(Method.java:565)
	at org.springframework.aop.support.AopUtils.invokeJoinpointUsingReflection(AopUtils.java:359)
	at org.springframework.aop.framework.ReflectiveMethodInvocation.invokeJoinpoint(ReflectiveMethodInvocation.java:190)
	at org.springframework.aop.framework.ReflectiveMethodInvocation.proceed(ReflectiveMethodInvocation.java:158)
	at org.springframework.dao.support.PersistenceExceptionTranslationInterceptor.invoke(PersistenceExceptionTranslationInterceptor.java:135)
	at org.springframework.aop.framework.ReflectiveMethodInvocation.proceed(ReflectiveMethodInvocation.java:179)
	at org.springframework.aop.framework.CglibAopProxy$DynamicAdvisedInterceptor.intercept(CglibAopProxy.java:719)
	at com.bank.banking_api.persistence.JdbcTransactionRepository$$SpringCGLIB$$0.save(<generated>)
	at com.bank.banking_api.service.AccountService.withdraw(AccountService.java:129)
	at java.base/jdk.internal.reflect.DirectMethodHandleAccessor.invoke(DirectMethodHandleAccessor.java:104)
	at java.base/java.lang.reflect.Method.invoke(Method.java:565)
	at org.springframework.aop.support.AopUtils.invokeJoinpointUsingReflection(AopUtils.java:359)
	at org.springframework.aop.framework.ReflectiveMethodInvocation.invokeJoinpoint(ReflectiveMethodInvocation.java:190)
	at org.springframework.aop.framework.ReflectiveMethodInvocation.proceed(ReflectiveMethodInvocation.java:158)
	at org.springframework.aop.aspectj.MethodInvocationProceedingJoinPoint.proceed(MethodInvocationProceedingJoinPoint.java:82)
	at com.bank.banking_api.aspect.AuditAspect.audit(AuditAspect.java:80)
	at java.base/jdk.internal.reflect.DirectMethodHandleAccessor.invoke(DirectMethodHandleAccessor.java:104)
	at java.base/java.lang.reflect.Method.invoke(Method.java:565)
	at org.springframework.aop.aspectj.AbstractAspectJAdvice.invokeAdviceMethodWithGivenArgs(AbstractAspectJAdvice.java:648)
	at org.springframework.aop.aspectj.AbstractAspectJAdvice.invokeAdviceMethod(AbstractAspectJAdvice.java:630)
	at org.springframework.aop.aspectj.AspectJAroundAdvice.invoke(AspectJAroundAdvice.java:70)
	at org.springframework.aop.framework.ReflectiveMethodInvocation.proceed(ReflectiveMethodInvocation.java:168)
	at org.springframework.transaction.interceptor.TransactionInterceptor$1.proceedWithInvocation(TransactionInterceptor.java:133)
	at org.springframework.transaction.interceptor.TransactionAspectSupport.invokeWithinTransaction(TransactionAspectSupport.java:371)
	at org.springframework.transaction.interceptor.TransactionInterceptor.invoke(TransactionInterceptor.java:130)
	at org.springframework.aop.framework.ReflectiveMethodInvocation.proceed(ReflectiveMethodInvocation.java:179)
	at org.springframework.aop.interceptor.ExposeInvocationInterceptor.invoke(ExposeInvocationInterceptor.java:96)
	at org.springframework.aop.framework.ReflectiveMethodInvocation.proceed(ReflectiveMethodInvocation.java:179)
	at org.springframework.aop.framework.CglibAopProxy$DynamicAdvisedInterceptor.intercept(CglibAopProxy.java:719)
	at com.bank.banking_api.service.AccountService$$SpringCGLIB$$0.withdraw(<generated>)
	at com.bank.banking_api.controller.AccountController.withdraw(AccountController.java:110)
	at java.base/jdk.internal.reflect.DirectMethodHandleAccessor.invoke(DirectMethodHandleAccessor.java:104)
	at java.base/java.lang.reflect.Method.invoke(Method.java:565)
	at org.springframework.web.method.support.InvocableHandlerMethod.doInvoke(InvocableHandlerMethod.java:252)
	at org.springframework.web.method.support.InvocableHandlerMethod.invokeForRequest(InvocableHandlerMethod.java:184)
	at org.springframework.web.servlet.mvc.method.annotation.ServletInvocableHandlerMethod.invokeAndHandle(ServletInvocableHandlerMethod.java:117)
	at org.springframework.web.servlet.mvc.method.annotation.RequestMappingHandlerAdapter.invokeHandlerMethod(RequestMappingHandlerAdapter.java:934)
	at org.springframework.web.servlet.mvc.method.annotation.RequestMappingHandlerAdapter.handleInternal(RequestMappingHandlerAdapter.java:853)
	at org.springframework.web.servlet.mvc.method.AbstractHandlerMethodAdapter.handle(AbstractHandlerMethodAdapter.java:86)
	at org.springframework.web.servlet.DispatcherServlet.doDispatch(DispatcherServlet.java:963)
	at org.springframework.web.servlet.DispatcherServlet.doService(DispatcherServlet.java:866)
	at org.springframework.web.servlet.FrameworkServlet.processRequest(FrameworkServlet.java:1000)
	at org.springframework.web.servlet.FrameworkServlet.doPost(FrameworkServlet.java:903)
	at jakarta.servlet.http.HttpServlet.service(HttpServlet.java:649)
	at org.springframework.web.servlet.FrameworkServlet.service(FrameworkServlet.java:874)
	at jakarta.servlet.http.HttpServlet.service(HttpServlet.java:710)
	at org.apache.catalina.core.ApplicationFilterChain.doFilter(ApplicationFilterChain.java:128)
	at org.apache.tomcat.websocket.server.WsFilter.doFilter(WsFilter.java:53)
	at org.apache.catalina.core.ApplicationFilterChain.doFilter(ApplicationFilterChain.java:107)
	at org.springframework.web.filter.OncePerRequestFilter.doFilter(OncePerRequestFilter.java:110)
	at org.apache.catalina.core.ApplicationFilterChain.doFilter(ApplicationFilterChain.java:107)
	at org.springframework.web.filter.OncePerRequestFilter.doFilter(OncePerRequestFilter.java:110)
	at org.apache.catalina.core.ApplicationFilterChain.doFilter(ApplicationFilterChain.java:107)
	at org.springframework.web.filter.CompositeFilter$VirtualFilterChain.doFilter(CompositeFilter.java:108)
	at org.springframework.security.web.FilterChainProxy.lambda$doFilterInternal$2(FilterChainProxy.java:235)
	at org.springframework.security.web.ObservationFilterChainDecorator$FilterObservation$SimpleFilterObservation.lambda$wrap$1(ObservationFilterChainDecorator.java:491)
	at org.springframework.security.web.ObservationFilterChainDecorator$AroundFilterObservation$SimpleAroundFilterObservation.lambda$wrap$1(ObservationFilterChainDecorator.java:353)
	at org.springframework.security.web.ObservationFilterChainDecorator.lambda$wrapSecured$0(ObservationFilterChainDecorator.java:84)
	at org.springframework.security.web.ObservationFilterChainDecorator$VirtualFilterChain.doFilter(ObservationFilterChainDecorator.java:131)
	at org.springframework.security.web.access.intercept.AuthorizationFilter.doFilter(AuthorizationFilter.java:101)
	at org.springframework.security.web.ObservationFilterChainDecorator$ObservationFilter.wrapFilter(ObservationFilterChainDecorator.java:243)
	at org.springframework.security.web.ObservationFilterChainDecorator$ObservationFilter.doFilter(ObservationFilterChainDecorator.java:230)
	at org.springframework.security.web.ObservationFilterChainDecorator$VirtualFilterChain.doFilter(ObservationFilterChainDecorator.java:140)
	at org.springframework.security.web.access.ExceptionTranslationFilter.doFilter(ExceptionTranslationFilter.java:126)
	at org.springframework.security.web.access.ExceptionTranslationFilter.doFilter(ExceptionTranslationFilter.java:120)
	at org.springframework.security.web.ObservationFilterChainDecorator$ObservationFilter.wrapFilter(ObservationFilterChainDecorator.java:243)
	at org.springframework.security.web.ObservationFilterChainDecorator$ObservationFilter.doFilter(ObservationFilterChainDecorator.java:230)
	at org.springframework.security.web.ObservationFilterChainDecorator$VirtualFilterChain.doFilter(ObservationFilterChainDecorator.java:140)
	at org.springframework.security.web.session.SessionManagementFilter.doFilter(SessionManagementFilter.java:132)
	at org.springframework.security.web.session.SessionManagementFilter.doFilter(SessionManagementFilter.java:86)
	at org.springframework.security.web.ObservationFilterChainDecorator$ObservationFilter.wrapFilter(ObservationFilterChainDecorator.java:243)
	at org.springframework.security.web.ObservationFilterChainDecorator$ObservationFilter.doFilter(ObservationFilterChainDecorator.java:230)
	at org.springframework.security.web.ObservationFilterChainDecorator$VirtualFilterChain.doFilter(ObservationFilterChainDecorator.java:140)
	at org.springframework.security.web.authentication.AnonymousAuthenticationFilter.doFilter(AnonymousAuthenticationFilter.java:100)
	at org.springframework.security.web.ObservationFilterChainDecorator$ObservationFilter.wrapFilter(ObservationFilterChainDecorator.java:243)
	at org.springframework.security.web.ObservationFilterChainDecorator$ObservationFilter.doFilter(ObservationFilterChainDecorator.java:230)
	at org.springframework.security.web.ObservationFilterChainDecorator$VirtualFilterChain.doFilter(ObservationFilterChainDecorator.java:140)
	at org.springframework.security.web.servletapi.SecurityContextHolderAwareRequestFilter.doFilter(SecurityContextHolderAwareRequestFilter.java:181)
	at org.springframework.security.web.ObservationFilterChainDecorator$ObservationFilter.wrapFilter(ObservationFilterChainDecorator.java:243)
	at org.springframework.security.web.ObservationFilterChainDecorator$ObservationFilter.doFilter(ObservationFilterChainDecorator.java:230)
	at org.springframework.security.web.ObservationFilterChainDecorator$VirtualFilterChain.doFilter(ObservationFilterChainDecorator.java:140)
	at org.springframework.security.web.savedrequest.RequestCacheAwareFilter.doFilter(RequestCacheAwareFilter.java:63)
	at org.springframework.security.web.ObservationFilterChainDecorator$ObservationFilter.wrapFilter(ObservationFilterChainDecorator.java:243)
	at org.springframework.security.web.ObservationFilterChainDecorator$ObservationFilter.doFilter(ObservationFilterChainDecorator.java:230)
	at org.springframework.security.web.ObservationFilterChainDecorator$VirtualFilterChain.doFilter(ObservationFilterChainDecorator.java:140)
	at com.bank.banking_api.config.JwtAuthenticationFilter.doFilterInternal(JwtAuthenticationFilter.java:53)
	at org.springframework.web.filter.OncePerRequestFilter.doFilter(OncePerRequestFilter.java:116)
	at org.springframework.security.web.ObservationFilterChainDecorator$ObservationFilter.wrapFilter(ObservationFilterChainDecorator.java:243)
	at org.springframework.security.web.ObservationFilterChainDecorator$ObservationFilter.doFilter(ObservationFilterChainDecorator.java:230)
	at org.springframework.security.web.ObservationFilterChainDecorator$VirtualFilterChain.doFilter(ObservationFilterChainDecorator.java:140)
	at com.bank.banking_api.config.RateLimiterFilter.doFilterInternal(RateLimiterFilter.java:38)
	at org.springframework.web.filter.OncePerRequestFilter.doFilter(OncePerRequestFilter.java:116)
	at org.springframework.security.web.ObservationFilterChainDecorator$ObservationFilter.wrapFilter(ObservationFilterChainDecorator.java:243)
	at org.springframework.security.web.ObservationFilterChainDecorator$ObservationFilter.doFilter(ObservationFilterChainDecorator.java:230)
	at org.springframework.security.web.ObservationFilterChainDecorator$VirtualFilterChain.doFilter(ObservationFilterChainDecorator.java:140)
	at org.springframework.security.web.authentication.logout.LogoutFilter.doFilter(LogoutFilter.java:110)
	at org.springframework.security.web.authentication.logout.LogoutFilter.doFilter(LogoutFilter.java:96)
	at org.springframework.security.web.ObservationFilterChainDecorator$ObservationFilter.wrapFilter(ObservationFilterChainDecorator.java:243)
	at org.springframework.security.web.ObservationFilterChainDecorator$ObservationFilter.doFilter(ObservationFilterChainDecorator.java:230)
	at org.springframework.security.web.ObservationFilterChainDecorator$VirtualFilterChain.doFilter(ObservationFilterChainDecorator.java:140)
	at org.springframework.security.web.header.HeaderWriterFilter.doHeadersAfter(HeaderWriterFilter.java:90)
	at org.springframework.security.web.header.HeaderWriterFilter.doFilterInternal(HeaderWriterFilter.java:75)
	at org.springframework.web.filter.OncePerRequestFilter.doFilter(OncePerRequestFilter.java:116)
	at org.springframework.security.web.ObservationFilterChainDecorator$ObservationFilter.wrapFilter(ObservationFilterChainDecorator.java:243)
	at org.springframework.security.web.ObservationFilterChainDecorator$ObservationFilter.doFilter(ObservationFilterChainDecorator.java:230)
	at org.springframework.security.web.ObservationFilterChainDecorator$VirtualFilterChain.doFilter(ObservationFilterChainDecorator.java:140)
	at org.springframework.security.web.context.SecurityContextHolderFilter.doFilter(SecurityContextHolderFilter.java:82)
	at org.springframework.security.web.context.SecurityContextHolderFilter.doFilter(SecurityContextHolderFilter.java:69)
	at org.springframework.security.web.ObservationFilterChainDecorator$ObservationFilter.wrapFilter(ObservationFilterChainDecorator.java:243)
	at org.springframework.security.web.ObservationFilterChainDecorator$ObservationFilter.doFilter(ObservationFilterChainDecorator.java:230)
	at org.springframework.security.web.ObservationFilterChainDecorator$VirtualFilterChain.doFilter(ObservationFilterChainDecorator.java:140)
	at org.springframework.security.web.context.request.async.WebAsyncManagerIntegrationFilter.doFilterInternal(WebAsyncManagerIntegrationFilter.java:62)
	at org.springframework.web.filter.OncePerRequestFilter.doFilter(OncePerRequestFilter.java:116)
	at org.springframework.security.web.ObservationFilterChainDecorator$ObservationFilter.wrapFilter(ObservationFilterChainDecorator.java:243)
	at org.springframework.security.web.ObservationFilterChainDecorator$ObservationFilter.doFilter(ObservationFilterChainDecorator.java:230)
	at org.springframework.security.web.ObservationFilterChainDecorator$VirtualFilterChain.doFilter(ObservationFilterChainDecorator.java:140)
	at org.springframework.security.web.session.DisableEncodeUrlFilter.doFilterInternal(DisableEncodeUrlFilter.java:42)
	at org.springframework.web.filter.OncePerRequestFilter.doFilter(OncePerRequestFilter.java:116)
	at org.springframework.security.web.ObservationFilterChainDecorator$ObservationFilter.wrapFilter(ObservationFilterChainDecorator.java:243)
	at org.springframework.security.web.ObservationFilterChainDecorator$AroundFilterObservation$SimpleAroundFilterObservation.lambda$wrap$0(ObservationFilterChainDecorator.java:336)
	at org.springframework.security.web.ObservationFilterChainDecorator$ObservationFilter.doFilter(ObservationFilterChainDecorator.java:227)
	at org.springframework.security.web.ObservationFilterChainDecorator$VirtualFilterChain.doFilter(ObservationFilterChainDecorator.java:140)
	at org.springframework.security.web.FilterChainProxy.doFilterInternal(FilterChainProxy.java:237)
	at org.springframework.security.web.FilterChainProxy.doFilter(FilterChainProxy.java:195)
	at org.springframework.web.filter.CompositeFilter$VirtualFilterChain.doFilter(CompositeFilter.java:113)
	at org.springframework.web.filter.ServletRequestPathFilter.doFilter(ServletRequestPathFilter.java:52)
	at org.springframework.web.filter.CompositeFilter$VirtualFilterChain.doFilter(CompositeFilter.java:113)
	at org.springframework.web.filter.CompositeFilter.doFilter(CompositeFilter.java:74)
	at org.springframework.security.config.annotation.web.configuration.WebSecurityConfiguration$CompositeFilterChainProxy.doFilter(WebSecurityConfiguration.java:317)
	at org.springframework.web.filter.DelegatingFilterProxy.invokeDelegate(DelegatingFilterProxy.java:355)
	at org.springframework.web.filter.DelegatingFilterProxy.doFilter(DelegatingFilterProxy.java:272)
	at org.apache.catalina.core.ApplicationFilterChain.doFilter(ApplicationFilterChain.java:107)
	at org.springframework.web.filter.RequestContextFilter.doFilterInternal(RequestContextFilter.java:100)
	at org.springframework.web.filter.OncePerRequestFilter.doFilter(OncePerRequestFilter.java:116)
	at org.apache.catalina.core.ApplicationFilterChain.doFilter(ApplicationFilterChain.java:107)
	at org.springframework.web.filter.FormContentFilter.doFilterInternal(FormContentFilter.java:93)
	at org.springframework.web.filter.OncePerRequestFilter.doFilter(OncePerRequestFilter.java:116)
	at org.apache.catalina.core.ApplicationFilterChain.doFilter(ApplicationFilterChain.java:107)
	at org.springframework.web.filter.ServerHttpObservationFilter.doFilterInternal(ServerHttpObservationFilter.java:110)
	at org.springframework.web.filter.OncePerRequestFilter.doFilter(OncePerRequestFilter.java:116)
	at org.apache.catalina.core.ApplicationFilterChain.doFilter(ApplicationFilterChain.java:107)
	at org.springframework.web.filter.CharacterEncodingFilter.doFilterInternal(CharacterEncodingFilter.java:199)
	at org.springframework.web.filter.OncePerRequestFilter.doFilter(OncePerRequestFilter.java:116)
	at org.apache.catalina.core.ApplicationFilterChain.doFilter(ApplicationFilterChain.java:107)
	at com.bank.banking_api.config.RequestLoggingFilter.doFilterInternal(RequestLoggingFilter.java:43)
	at org.springframework.web.filter.OncePerRequestFilter.doFilter(OncePerRequestFilter.java:116)
	at org.apache.catalina.core.ApplicationFilterChain.doFilter(ApplicationFilterChain.java:107)
	at org.apache.catalina.core.StandardWrapperValve.invoke(StandardWrapperValve.java:165)
	at org.apache.catalina.core.StandardContextValve.invoke(StandardContextValve.java:77)
	at org.apache.catalina.authenticator.AuthenticatorBase.invoke(AuthenticatorBase.java:492)
	at org.apache.catalina.core.StandardHostValve.invoke(StandardHostValve.java:113)
	at org.apache.catalina.valves.ErrorReportValve.invoke(ErrorReportValve.java:83)
	at org.apache.catalina.core.StandardEngineValve.invoke(StandardEngineValve.java:72)
	at org.apache.catalina.connector.CoyoteAdapter.service(CoyoteAdapter.java:341)
	at org.apache.coyote.http11.Http11Processor.service(Http11Processor.java:397)
	at org.apache.coyote.AbstractProcessorLight.process(AbstractProcessorLight.java:63)
	at org.apache.coyote.AbstractProtocol$ConnectionHandler.process(AbstractProtocol.java:1272)
	at org.apache.tomcat.util.net.NioEndpoint$SocketProcessor.doRun(NioEndpoint.java:1801)
	at org.apache.tomcat.util.net.SocketProcessorBase.run(SocketProcessorBase.java:52)
	at org.apache.tomcat.util.threads.ThreadPoolExecutor.runWorker(ThreadPoolExecutor.java:946)
	at org.apache.tomcat.util.threads.ThreadPoolExecutor$Worker.run(ThreadPoolExecutor.java:480)
	at org.apache.tomcat.util.threads.TaskThread$WrappingRunnable.run(TaskThread.java:57)
	at java.base/java.lang.Thread.run(Thread.java:1474)
Caused by: org.postgresql.util.PSQLException: ERROR: null value in column "idempotency_key" of relation "transactions" violates not-null constraint
  Detail: Failing row contains (41456d97-aad8-44f8-9e70-1ea1e19cc668, WITHDRAW, ACC-Deep-003, null, 50.0000, USD, COMMITTED, null, 2026-07-28 12:27:32.576161, 2026-07-28 12:27:32.576111, Success, none).
	at org.postgresql.core.v3.QueryExecutorImpl.receiveErrorResponse(QueryExecutorImpl.java:2904)
	at org.postgresql.core.v3.QueryExecutorImpl.processResults(QueryExecutorImpl.java:2589)
	at org.postgresql.core.v3.QueryExecutorImpl.execute(QueryExecutorImpl.java:431)
	at org.postgresql.jdbc.PgStatement.executeInternal(PgStatement.java:534)
	at org.postgresql.jdbc.PgStatement.execute(PgStatement.java:437)
	at org.postgresql.jdbc.PgPreparedStatement.executeWithFlags(PgPreparedStatement.java:196)
	at org.postgresql.jdbc.PgPreparedStatement.executeUpdate(PgPreparedStatement.java:157)
	at com.zaxxer.hikari.pool.ProxyPreparedStatement.executeUpdate(ProxyPreparedStatement.java:61)
	at com.zaxxer.hikari.pool.HikariProxyPreparedStatement.executeUpdate(HikariProxyPreparedStatement.java)
	at org.springframework.jdbc.core.JdbcTemplate.lambda$update$0(JdbcTemplate.java:971)
	at org.springframework.jdbc.core.JdbcTemplate.execute(JdbcTemplate.java:670)
	... 168 common frames omitted
2026-07-28 12:28:03.028 [NO-ID] [http-nio-8080-exec-10] DEBUG o.s.jdbc.core.JdbcTemplate - Executing prepared SQL query
2026-07-28 12:28:03.028 [NO-ID] [http-nio-8080-exec-10] DEBUG o.s.jdbc.core.JdbcTemplate - Executing prepared SQL statement [SELECT * FROM users WHERE id = ?]
2026-07-28 12:28:03.029 [NO-ID] [http-nio-8080-exec-10] DEBUG o.s.jdbc.datasource.DataSourceUtils - Fetching JDBC Connection from DataSource
2026-07-28 12:28:03.032 [NO-ID] [http-nio-8080-exec-10] DEBUG o.s.j.support.JdbcTransactionManager - Creating new transaction with name [com.bank.banking_api.service.AccountService.withdraw]: PROPAGATION_REQUIRED,ISOLATION_DEFAULT
2026-07-28 12:28:03.032 [NO-ID] [http-nio-8080-exec-10] DEBUG o.s.j.support.JdbcTransactionManager - Acquired Connection [HikariProxyConnection@1276585058 wrapping org.postgresql.jdbc.PgConnection@133015e] for JDBC transaction
2026-07-28 12:28:03.032 [NO-ID] [http-nio-8080-exec-10] DEBUG o.s.j.support.JdbcTransactionManager - Switching JDBC Connection [HikariProxyConnection@1276585058 wrapping org.postgresql.jdbc.PgConnection@133015e] to manual commit
2026-07-28 12:28:03.033 [NO-ID] [http-nio-8080-exec-10] DEBUG o.s.jdbc.core.JdbcTemplate - Executing prepared SQL query
2026-07-28 12:28:03.033 [NO-ID] [http-nio-8080-exec-10] DEBUG o.s.jdbc.core.JdbcTemplate - Executing prepared SQL statement [Select * from accounts where account_number = ?]
2026-07-28 12:28:03.034 [NO-ID] [http-nio-8080-exec-10] DEBUG o.s.jdbc.core.JdbcTemplate - Executing prepared SQL query
2026-07-28 12:28:03.034 [NO-ID] [http-nio-8080-exec-10] DEBUG o.s.jdbc.core.JdbcTemplate - Executing prepared SQL statement [Select * from accounts where account_number = ?]
2026-07-28 12:28:03.036 [NO-ID] [http-nio-8080-exec-10] DEBUG o.s.jdbc.core.JdbcTemplate - Executing prepared SQL query
2026-07-28 12:28:03.037 [NO-ID] [http-nio-8080-exec-10] DEBUG o.s.jdbc.core.JdbcTemplate - Executing prepared SQL statement [Select * from transactions where idempotency_key=?]
2026-07-28 12:28:03.039 [NO-ID] [http-nio-8080-exec-10] DEBUG o.s.j.support.JdbcTransactionManager - Participating in existing transaction
2026-07-28 12:28:03.039 [NO-ID] [http-nio-8080-exec-10] DEBUG o.s.jdbc.core.JdbcTemplate - Executing prepared SQL update
2026-07-28 12:28:03.039 [NO-ID] [http-nio-8080-exec-10] DEBUG o.s.jdbc.core.JdbcTemplate - Executing prepared SQL statement [Update accounts SET balance_amount=?,updated_at=? where account_number=?]
2026-07-28 12:28:03.041 [NO-ID] [http-nio-8080-exec-10] DEBUG o.s.jdbc.core.JdbcTemplate - Executing prepared SQL update
2026-07-28 12:28:03.041 [NO-ID] [http-nio-8080-exec-10] DEBUG o.s.jdbc.core.JdbcTemplate - Executing prepared SQL statement [Insert into transactions (id, type,from_account,to_account ,amount,currency,status,idempotency_key,created_at,response_cache,error_message,completed_at)
values (?,?,?,?,?,?,?,?,?,?,?,?)
]
2026-07-28 12:28:03.042 [NO-ID] [http-nio-8080-exec-10] DEBUG o.s.j.s.SQLStateSQLExceptionTranslator - Extracted SQL state class '23' from value '23502'
2026-07-28 12:28:03.042 [NO-ID] [http-nio-8080-exec-10] DEBUG o.s.j.support.JdbcTransactionManager - Initiating transaction rollback
2026-07-28 12:28:03.043 [NO-ID] [http-nio-8080-exec-10] DEBUG o.s.j.support.JdbcTransactionManager - Rolling back JDBC transaction on Connection [HikariProxyConnection@1276585058 wrapping org.postgresql.jdbc.PgConnection@133015e]
2026-07-28 12:28:03.043 [NO-ID] [http-nio-8080-exec-10] DEBUG o.s.j.support.JdbcTransactionManager - Releasing JDBC Connection [HikariProxyConnection@1276585058 wrapping org.postgresql.jdbc.PgConnection@133015e] after transaction
2026-07-28 12:28:03.044 [NO-ID] [http-nio-8080-exec-10] ERROR c.b.b.e.GlobalExceptionHandler - Unexpected error occured at path: /api/accounts/ACC-Deep-003/withdraw
org.springframework.dao.DataIntegrityViolationException: PreparedStatementCallback; SQL [Insert into transactions (id, type,from_account,to_account ,amount,currency,status,idempotency_key,created_at,response_cache,error_message,completed_at)
values (?,?,?,?,?,?,?,?,?,?,?,?)
]; ERROR: null value in column "idempotency_key" of relation "transactions" violates not-null constraint
  Detail: Failing row contains (bb30dc20-4f05-4a26-ac59-d7685733c9ab, WITHDRAW, ACC-Deep-003, null, 50.0000, USD, COMMITTED, null, 2026-07-28 12:28:03.041056, 2026-07-28 12:28:03.041025, Success, none).
	at org.springframework.jdbc.support.SQLStateSQLExceptionTranslator.doTranslate(SQLStateSQLExceptionTranslator.java:140)
	at org.springframework.jdbc.support.AbstractFallbackSQLExceptionTranslator.translate(AbstractFallbackSQLExceptionTranslator.java:102)
	at org.springframework.jdbc.support.AbstractFallbackSQLExceptionTranslator.translate(AbstractFallbackSQLExceptionTranslator.java:111)
	at org.springframework.jdbc.core.JdbcTemplate.translateException(JdbcTemplate.java:1549)
	at org.springframework.jdbc.core.JdbcTemplate.execute(JdbcTemplate.java:689)
	at org.springframework.jdbc.core.JdbcTemplate.update(JdbcTemplate.java:966)
	at org.springframework.jdbc.core.JdbcTemplate.update(JdbcTemplate.java:1010)
	at org.springframework.jdbc.core.JdbcTemplate.update(JdbcTemplate.java:1020)
	at com.bank.banking_api.persistence.JdbcTransactionRepository.save(JdbcTransactionRepository.java:55)
	at java.base/jdk.internal.reflect.DirectMethodHandleAccessor.invoke(DirectMethodHandleAccessor.java:104)
	at java.base/java.lang.reflect.Method.invoke(Method.java:565)
	at org.springframework.aop.support.AopUtils.invokeJoinpointUsingReflection(AopUtils.java:359)
	at org.springframework.aop.framework.ReflectiveMethodInvocation.invokeJoinpoint(ReflectiveMethodInvocation.java:190)
	at org.springframework.aop.framework.ReflectiveMethodInvocation.proceed(ReflectiveMethodInvocation.java:158)
	at org.springframework.dao.support.PersistenceExceptionTranslationInterceptor.invoke(PersistenceExceptionTranslationInterceptor.java:135)
	at org.springframework.aop.framework.ReflectiveMethodInvocation.proceed(ReflectiveMethodInvocation.java:179)
	at org.springframework.aop.framework.CglibAopProxy$DynamicAdvisedInterceptor.intercept(CglibAopProxy.java:719)
	at com.bank.banking_api.persistence.JdbcTransactionRepository$$SpringCGLIB$$0.save(<generated>)
	at com.bank.banking_api.service.AccountService.withdraw(AccountService.java:129)
	at java.base/jdk.internal.reflect.DirectMethodHandleAccessor.invoke(DirectMethodHandleAccessor.java:104)
	at java.base/java.lang.reflect.Method.invoke(Method.java:565)
	at org.springframework.aop.support.AopUtils.invokeJoinpointUsingReflection(AopUtils.java:359)
	at org.springframework.aop.framework.ReflectiveMethodInvocation.invokeJoinpoint(ReflectiveMethodInvocation.java:190)
	at org.springframework.aop.framework.ReflectiveMethodInvocation.proceed(ReflectiveMethodInvocation.java:158)
	at org.springframework.aop.aspectj.MethodInvocationProceedingJoinPoint.proceed(MethodInvocationProceedingJoinPoint.java:82)
	at com.bank.banking_api.aspect.AuditAspect.audit(AuditAspect.java:80)
	at java.base/jdk.internal.reflect.DirectMethodHandleAccessor.invoke(DirectMethodHandleAccessor.java:104)
	at java.base/java.lang.reflect.Method.invoke(Method.java:565)
	at org.springframework.aop.aspectj.AbstractAspectJAdvice.invokeAdviceMethodWithGivenArgs(AbstractAspectJAdvice.java:648)
	at org.springframework.aop.aspectj.AbstractAspectJAdvice.invokeAdviceMethod(AbstractAspectJAdvice.java:630)
	at org.springframework.aop.aspectj.AspectJAroundAdvice.invoke(AspectJAroundAdvice.java:70)
	at org.springframework.aop.framework.ReflectiveMethodInvocation.proceed(ReflectiveMethodInvocation.java:168)
	at org.springframework.transaction.interceptor.TransactionInterceptor$1.proceedWithInvocation(TransactionInterceptor.java:133)
	at org.springframework.transaction.interceptor.TransactionAspectSupport.invokeWithinTransaction(TransactionAspectSupport.java:371)
	at org.springframework.transaction.interceptor.TransactionInterceptor.invoke(TransactionInterceptor.java:130)
	at org.springframework.aop.framework.ReflectiveMethodInvocation.proceed(ReflectiveMethodInvocation.java:179)
	at org.springframework.aop.interceptor.ExposeInvocationInterceptor.invoke(ExposeInvocationInterceptor.java:96)
	at org.springframework.aop.framework.ReflectiveMethodInvocation.proceed(ReflectiveMethodInvocation.java:179)
	at org.springframework.aop.framework.CglibAopProxy$DynamicAdvisedInterceptor.intercept(CglibAopProxy.java:719)
	at com.bank.banking_api.service.AccountService$$SpringCGLIB$$0.withdraw(<generated>)
	at com.bank.banking_api.controller.AccountController.withdraw(AccountController.java:110)
	at java.base/jdk.internal.reflect.DirectMethodHandleAccessor.invoke(DirectMethodHandleAccessor.java:104)
	at java.base/java.lang.reflect.Method.invoke(Method.java:565)
	at org.springframework.web.method.support.InvocableHandlerMethod.doInvoke(InvocableHandlerMethod.java:252)
	at org.springframework.web.method.support.InvocableHandlerMethod.invokeForRequest(InvocableHandlerMethod.java:184)
	at org.springframework.web.servlet.mvc.method.annotation.ServletInvocableHandlerMethod.invokeAndHandle(ServletInvocableHandlerMethod.java:117)
	at org.springframework.web.servlet.mvc.method.annotation.RequestMappingHandlerAdapter.invokeHandlerMethod(RequestMappingHandlerAdapter.java:934)
	at org.springframework.web.servlet.mvc.method.annotation.RequestMappingHandlerAdapter.handleInternal(RequestMappingHandlerAdapter.java:853)
	at org.springframework.web.servlet.mvc.method.AbstractHandlerMethodAdapter.handle(AbstractHandlerMethodAdapter.java:86)
	at org.springframework.web.servlet.DispatcherServlet.doDispatch(DispatcherServlet.java:963)
	at org.springframework.web.servlet.DispatcherServlet.doService(DispatcherServlet.java:866)
	at org.springframework.web.servlet.FrameworkServlet.processRequest(FrameworkServlet.java:1000)
	at org.springframework.web.servlet.FrameworkServlet.doPost(FrameworkServlet.java:903)
	at jakarta.servlet.http.HttpServlet.service(HttpServlet.java:649)
	at org.springframework.web.servlet.FrameworkServlet.service(FrameworkServlet.java:874)
	at jakarta.servlet.http.HttpServlet.service(HttpServlet.java:710)
	at org.apache.catalina.core.ApplicationFilterChain.doFilter(ApplicationFilterChain.java:128)
	at org.apache.tomcat.websocket.server.WsFilter.doFilter(WsFilter.java:53)
	at org.apache.catalina.core.ApplicationFilterChain.doFilter(ApplicationFilterChain.java:107)
	at org.springframework.web.filter.OncePerRequestFilter.doFilter(OncePerRequestFilter.java:110)
	at org.apache.catalina.core.ApplicationFilterChain.doFilter(ApplicationFilterChain.java:107)
	at org.springframework.web.filter.OncePerRequestFilter.doFilter(OncePerRequestFilter.java:110)
	at org.apache.catalina.core.ApplicationFilterChain.doFilter(ApplicationFilterChain.java:107)
	at org.springframework.web.filter.CompositeFilter$VirtualFilterChain.doFilter(CompositeFilter.java:108)
	at org.springframework.security.web.FilterChainProxy.lambda$doFilterInternal$2(FilterChainProxy.java:235)
	at org.springframework.security.web.ObservationFilterChainDecorator$FilterObservation$SimpleFilterObservation.lambda$wrap$1(ObservationFilterChainDecorator.java:491)
	at org.springframework.security.web.ObservationFilterChainDecorator$AroundFilterObservation$SimpleAroundFilterObservation.lambda$wrap$1(ObservationFilterChainDecorator.java:353)
	at org.springframework.security.web.ObservationFilterChainDecorator.lambda$wrapSecured$0(ObservationFilterChainDecorator.java:84)
	at org.springframework.security.web.ObservationFilterChainDecorator$VirtualFilterChain.doFilter(ObservationFilterChainDecorator.java:131)
	at org.springframework.security.web.access.intercept.AuthorizationFilter.doFilter(AuthorizationFilter.java:101)
	at org.springframework.security.web.ObservationFilterChainDecorator$ObservationFilter.wrapFilter(ObservationFilterChainDecorator.java:243)
	at org.springframework.security.web.ObservationFilterChainDecorator$ObservationFilter.doFilter(ObservationFilterChainDecorator.java:230)
	at org.springframework.security.web.ObservationFilterChainDecorator$VirtualFilterChain.doFilter(ObservationFilterChainDecorator.java:140)
	at org.springframework.security.web.access.ExceptionTranslationFilter.doFilter(ExceptionTranslationFilter.java:126)
	at org.springframework.security.web.access.ExceptionTranslationFilter.doFilter(ExceptionTranslationFilter.java:120)
	at org.springframework.security.web.ObservationFilterChainDecorator$ObservationFilter.wrapFilter(ObservationFilterChainDecorator.java:243)
	at org.springframework.security.web.ObservationFilterChainDecorator$ObservationFilter.doFilter(ObservationFilterChainDecorator.java:230)
	at org.springframework.security.web.ObservationFilterChainDecorator$VirtualFilterChain.doFilter(ObservationFilterChainDecorator.java:140)
	at org.springframework.security.web.session.SessionManagementFilter.doFilter(SessionManagementFilter.java:132)
	at org.springframework.security.web.session.SessionManagementFilter.doFilter(SessionManagementFilter.java:86)
	at org.springframework.security.web.ObservationFilterChainDecorator$ObservationFilter.wrapFilter(ObservationFilterChainDecorator.java:243)
	at org.springframework.security.web.ObservationFilterChainDecorator$ObservationFilter.doFilter(ObservationFilterChainDecorator.java:230)
	at org.springframework.security.web.ObservationFilterChainDecorator$VirtualFilterChain.doFilter(ObservationFilterChainDecorator.java:140)
	at org.springframework.security.web.authentication.AnonymousAuthenticationFilter.doFilter(AnonymousAuthenticationFilter.java:100)
	at org.springframework.security.web.ObservationFilterChainDecorator$ObservationFilter.wrapFilter(ObservationFilterChainDecorator.java:243)
	at org.springframework.security.web.ObservationFilterChainDecorator$ObservationFilter.doFilter(ObservationFilterChainDecorator.java:230)
	at org.springframework.security.web.ObservationFilterChainDecorator$VirtualFilterChain.doFilter(ObservationFilterChainDecorator.java:140)
	at org.springframework.security.web.servletapi.SecurityContextHolderAwareRequestFilter.doFilter(SecurityContextHolderAwareRequestFilter.java:181)
	at org.springframework.security.web.ObservationFilterChainDecorator$ObservationFilter.wrapFilter(ObservationFilterChainDecorator.java:243)
	at org.springframework.security.web.ObservationFilterChainDecorator$ObservationFilter.doFilter(ObservationFilterChainDecorator.java:230)
	at org.springframework.security.web.ObservationFilterChainDecorator$VirtualFilterChain.doFilter(ObservationFilterChainDecorator.java:140)
	at org.springframework.security.web.savedrequest.RequestCacheAwareFilter.doFilter(RequestCacheAwareFilter.java:63)
	at org.springframework.security.web.ObservationFilterChainDecorator$ObservationFilter.wrapFilter(ObservationFilterChainDecorator.java:243)
	at org.springframework.security.web.ObservationFilterChainDecorator$ObservationFilter.doFilter(ObservationFilterChainDecorator.java:230)
	at org.springframework.security.web.ObservationFilterChainDecorator$VirtualFilterChain.doFilter(ObservationFilterChainDecorator.java:140)
	at com.bank.banking_api.config.JwtAuthenticationFilter.doFilterInternal(JwtAuthenticationFilter.java:53)
	at org.springframework.web.filter.OncePerRequestFilter.doFilter(OncePerRequestFilter.java:116)
	at org.springframework.security.web.ObservationFilterChainDecorator$ObservationFilter.wrapFilter(ObservationFilterChainDecorator.java:243)
	at org.springframework.security.web.ObservationFilterChainDecorator$ObservationFilter.doFilter(ObservationFilterChainDecorator.java:230)
	at org.springframework.security.web.ObservationFilterChainDecorator$VirtualFilterChain.doFilter(ObservationFilterChainDecorator.java:140)
	at com.bank.banking_api.config.RateLimiterFilter.doFilterInternal(RateLimiterFilter.java:38)
	at org.springframework.web.filter.OncePerRequestFilter.doFilter(OncePerRequestFilter.java:116)
	at org.springframework.security.web.ObservationFilterChainDecorator$ObservationFilter.wrapFilter(ObservationFilterChainDecorator.java:243)
	at org.springframework.security.web.ObservationFilterChainDecorator$ObservationFilter.doFilter(ObservationFilterChainDecorator.java:230)
	at org.springframework.security.web.ObservationFilterChainDecorator$VirtualFilterChain.doFilter(ObservationFilterChainDecorator.java:140)
	at org.springframework.security.web.authentication.logout.LogoutFilter.doFilter(LogoutFilter.java:110)
	at org.springframework.security.web.authentication.logout.LogoutFilter.doFilter(LogoutFilter.java:96)
	at org.springframework.security.web.ObservationFilterChainDecorator$ObservationFilter.wrapFilter(ObservationFilterChainDecorator.java:243)
	at org.springframework.security.web.ObservationFilterChainDecorator$ObservationFilter.doFilter(ObservationFilterChainDecorator.java:230)
	at org.springframework.security.web.ObservationFilterChainDecorator$VirtualFilterChain.doFilter(ObservationFilterChainDecorator.java:140)
	at org.springframework.security.web.header.HeaderWriterFilter.doHeadersAfter(HeaderWriterFilter.java:90)
	at org.springframework.security.web.header.HeaderWriterFilter.doFilterInternal(HeaderWriterFilter.java:75)
	at org.springframework.web.filter.OncePerRequestFilter.doFilter(OncePerRequestFilter.java:116)
	at org.springframework.security.web.ObservationFilterChainDecorator$ObservationFilter.wrapFilter(ObservationFilterChainDecorator.java:243)
	at org.springframework.security.web.ObservationFilterChainDecorator$ObservationFilter.doFilter(ObservationFilterChainDecorator.java:230)
	at org.springframework.security.web.ObservationFilterChainDecorator$VirtualFilterChain.doFilter(ObservationFilterChainDecorator.java:140)
	at org.springframework.security.web.context.SecurityContextHolderFilter.doFilter(SecurityContextHolderFilter.java:82)
	at org.springframework.security.web.context.SecurityContextHolderFilter.doFilter(SecurityContextHolderFilter.java:69)
	at org.springframework.security.web.ObservationFilterChainDecorator$ObservationFilter.wrapFilter(ObservationFilterChainDecorator.java:243)
	at org.springframework.security.web.ObservationFilterChainDecorator$ObservationFilter.doFilter(ObservationFilterChainDecorator.java:230)
	at org.springframework.security.web.ObservationFilterChainDecorator$VirtualFilterChain.doFilter(ObservationFilterChainDecorator.java:140)
	at org.springframework.security.web.context.request.async.WebAsyncManagerIntegrationFilter.doFilterInternal(WebAsyncManagerIntegrationFilter.java:62)
	at org.springframework.web.filter.OncePerRequestFilter.doFilter(OncePerRequestFilter.java:116)
	at org.springframework.security.web.ObservationFilterChainDecorator$ObservationFilter.wrapFilter(ObservationFilterChainDecorator.java:243)
	at org.springframework.security.web.ObservationFilterChainDecorator$ObservationFilter.doFilter(ObservationFilterChainDecorator.java:230)
	at org.springframework.security.web.ObservationFilterChainDecorator$VirtualFilterChain.doFilter(ObservationFilterChainDecorator.java:140)
	at org.springframework.security.web.session.DisableEncodeUrlFilter.doFilterInternal(DisableEncodeUrlFilter.java:42)
	at org.springframework.web.filter.OncePerRequestFilter.doFilter(OncePerRequestFilter.java:116)
	at org.springframework.security.web.ObservationFilterChainDecorator$ObservationFilter.wrapFilter(ObservationFilterChainDecorator.java:243)
	at org.springframework.security.web.ObservationFilterChainDecorator$AroundFilterObservation$SimpleAroundFilterObservation.lambda$wrap$0(ObservationFilterChainDecorator.java:336)
	at org.springframework.security.web.ObservationFilterChainDecorator$ObservationFilter.doFilter(ObservationFilterChainDecorator.java:227)
	at org.springframework.security.web.ObservationFilterChainDecorator$VirtualFilterChain.doFilter(ObservationFilterChainDecorator.java:140)
	at org.springframework.security.web.FilterChainProxy.doFilterInternal(FilterChainProxy.java:237)
	at org.springframework.security.web.FilterChainProxy.doFilter(FilterChainProxy.java:195)
	at org.springframework.web.filter.CompositeFilter$VirtualFilterChain.doFilter(CompositeFilter.java:113)
	at org.springframework.web.filter.ServletRequestPathFilter.doFilter(ServletRequestPathFilter.java:52)
	at org.springframework.web.filter.CompositeFilter$VirtualFilterChain.doFilter(CompositeFilter.java:113)
	at org.springframework.web.filter.CompositeFilter.doFilter(CompositeFilter.java:74)
	at org.springframework.security.config.annotation.web.configuration.WebSecurityConfiguration$CompositeFilterChainProxy.doFilter(WebSecurityConfiguration.java:317)
	at org.springframework.web.filter.DelegatingFilterProxy.invokeDelegate(DelegatingFilterProxy.java:355)
	at org.springframework.web.filter.DelegatingFilterProxy.doFilter(DelegatingFilterProxy.java:272)
	at org.apache.catalina.core.ApplicationFilterChain.doFilter(ApplicationFilterChain.java:107)
	at org.springframework.web.filter.RequestContextFilter.doFilterInternal(RequestContextFilter.java:100)
	at org.springframework.web.filter.OncePerRequestFilter.doFilter(OncePerRequestFilter.java:116)
	at org.apache.catalina.core.ApplicationFilterChain.doFilter(ApplicationFilterChain.java:107)
	at org.springframework.web.filter.FormContentFilter.doFilterInternal(FormContentFilter.java:93)
	at org.springframework.web.filter.OncePerRequestFilter.doFilter(OncePerRequestFilter.java:116)
	at org.apache.catalina.core.ApplicationFilterChain.doFilter(ApplicationFilterChain.java:107)
	at org.springframework.web.filter.ServerHttpObservationFilter.doFilterInternal(ServerHttpObservationFilter.java:110)
	at org.springframework.web.filter.OncePerRequestFilter.doFilter(OncePerRequestFilter.java:116)
	at org.apache.catalina.core.ApplicationFilterChain.doFilter(ApplicationFilterChain.java:107)
	at org.springframework.web.filter.CharacterEncodingFilter.doFilterInternal(CharacterEncodingFilter.java:199)
	at org.springframework.web.filter.OncePerRequestFilter.doFilter(OncePerRequestFilter.java:116)
	at org.apache.catalina.core.ApplicationFilterChain.doFilter(ApplicationFilterChain.java:107)
	at com.bank.banking_api.config.RequestLoggingFilter.doFilterInternal(RequestLoggingFilter.java:43)
	at org.springframework.web.filter.OncePerRequestFilter.doFilter(OncePerRequestFilter.java:116)
	at org.apache.catalina.core.ApplicationFilterChain.doFilter(ApplicationFilterChain.java:107)
	at org.apache.catalina.core.StandardWrapperValve.invoke(StandardWrapperValve.java:165)
	at org.apache.catalina.core.StandardContextValve.invoke(StandardContextValve.java:77)
	at org.apache.catalina.authenticator.AuthenticatorBase.invoke(AuthenticatorBase.java:492)
	at org.apache.catalina.core.StandardHostValve.invoke(StandardHostValve.java:113)
	at org.apache.catalina.valves.ErrorReportValve.invoke(ErrorReportValve.java:83)
	at org.apache.catalina.core.StandardEngineValve.invoke(StandardEngineValve.java:72)
	at org.apache.catalina.connector.CoyoteAdapter.service(CoyoteAdapter.java:341)
	at org.apache.coyote.http11.Http11Processor.service(Http11Processor.java:397)
	at org.apache.coyote.AbstractProcessorLight.process(AbstractProcessorLight.java:63)
	at org.apache.coyote.AbstractProtocol$ConnectionHandler.process(AbstractProtocol.java:1272)
	at org.apache.tomcat.util.net.NioEndpoint$SocketProcessor.doRun(NioEndpoint.java:1801)
	at org.apache.tomcat.util.net.SocketProcessorBase.run(SocketProcessorBase.java:52)
	at org.apache.tomcat.util.threads.ThreadPoolExecutor.runWorker(ThreadPoolExecutor.java:946)
	at org.apache.tomcat.util.threads.ThreadPoolExecutor$Worker.run(ThreadPoolExecutor.java:480)
	at org.apache.tomcat.util.threads.TaskThread$WrappingRunnable.run(TaskThread.java:57)
	at java.base/java.lang.Thread.run(Thread.java:1474)
Caused by: org.postgresql.util.PSQLException: ERROR: null value in column "idempotency_key" of relation "transactions" violates not-null constraint
  Detail: Failing row contains (bb30dc20-4f05-4a26-ac59-d7685733c9ab, WITHDRAW, ACC-Deep-003, null, 50.0000, USD, COMMITTED, null, 2026-07-28 12:28:03.041056, 2026-07-28 12:28:03.041025, Success, none).
	at org.postgresql.core.v3.QueryExecutorImpl.receiveErrorResponse(QueryExecutorImpl.java:2904)
	at org.postgresql.core.v3.QueryExecutorImpl.processResults(QueryExecutorImpl.java:2589)
	at org.postgresql.core.v3.QueryExecutorImpl.execute(QueryExecutorImpl.java:431)
	at org.postgresql.jdbc.PgStatement.executeInternal(PgStatement.java:534)
	at org.postgresql.jdbc.PgStatement.execute(PgStatement.java:437)
	at org.postgresql.jdbc.PgPreparedStatement.executeWithFlags(PgPreparedStatement.java:196)
	at org.postgresql.jdbc.PgPreparedStatement.executeUpdate(PgPreparedStatement.java:157)
	at com.zaxxer.hikari.pool.ProxyPreparedStatement.executeUpdate(ProxyPreparedStatement.java:61)
	at com.zaxxer.hikari.pool.HikariProxyPreparedStatement.executeUpdate(HikariProxyPreparedStatement.java)
	at org.springframework.jdbc.core.JdbcTemplate.lambda$update$0(JdbcTemplate.java:971)
	at org.springframework.jdbc.core.JdbcTemplate.execute(JdbcTemplate.java:670)
	... 168 common frames omitted
2026-07-28 12:28:14.312 [NO-ID] [SpringApplicationShutdownHook] INFO  o.s.boot.tomcat.GracefulShutdown - Commencing graceful shutdown. Waiting for active requests to complete
2026-07-28 12:28:14.325 [NO-ID] [tomcat-shutdown] INFO  o.s.boot.tomcat.GracefulShutdown - Graceful shutdown complete
2026-07-28 12:28:14.348 [NO-ID] [SpringApplicationShutdownHook] INFO  com.zaxxer.hikari.HikariDataSource - BankHikariPool - Shutdown initiated...
2026-07-28 12:28:14.372 [NO-ID] [SpringApplicationShutdownHook] INFO  com.zaxxer.hikari.HikariDataSource - BankHikariPool - Shutdown completed.
2026-07-28 12:28:23.522 [NO-ID] [main] INFO  c.b.b.BankingApiApplication - Starting BankingApiApplication using Java 25.0.3 with PID 7437 (/home/sandy/projects/banking-api/target/classes started by sandy in /home/sandy/projects/banking-api)
2026-07-28 12:28:23.524 [NO-ID] [main] DEBUG c.b.b.BankingApiApplication - Running with Spring Boot v4.1.0, Spring v7.0.8
2026-07-28 12:28:23.524 [NO-ID] [main] INFO  c.b.b.BankingApiApplication - No active profile set, falling back to 1 default profile: "default"
2026-07-28 12:28:24.978 [NO-ID] [main] INFO  o.s.boot.tomcat.TomcatWebServer - Tomcat initialized with port 8080 (http)
2026-07-28 12:28:24.997 [NO-ID] [main] INFO  o.a.catalina.core.StandardService - Starting service [Tomcat]
2026-07-28 12:28:24.998 [NO-ID] [main] INFO  o.a.catalina.core.StandardEngine - Starting Servlet engine: [Apache Tomcat/11.0.22]
2026-07-28 12:28:25.041 [NO-ID] [main] INFO  o.s.b.w.c.s.WebApplicationContextInitializer - Root WebApplicationContext: initialization completed in 1469 ms
2026-07-28 12:28:25.287 [NO-ID] [main] DEBUG c.b.b.config.JwtAuthenticationFilter - Filter 'jwtAuthenticationFilter' configured for use
2026-07-28 12:28:25.289 [NO-ID] [main] DEBUG c.b.b.config.RequestLoggingFilter - Filter 'requestLoggingFilter' configured for use
2026-07-28 12:28:25.289 [NO-ID] [main] DEBUG c.b.b.config.RateLimiterFilter - Filter 'rateLimiterFilter' configured for use
2026-07-28 12:28:25.458 [NO-ID] [main] INFO  o.s.s.c.a.a.c.InitializeUserDetailsBeanManagerConfigurer$InitializeUserDetailsManagerConfigurer - Global AuthenticationManager configured with UserDetailsService bean with name customUserDetailsService
2026-07-28 12:28:26.138 [NO-ID] [main] INFO  o.s.b.a.e.web.EndpointLinksResolver - Exposing 2 endpoints beneath base path '/actuator'
2026-07-28 12:28:26.208 [NO-ID] [main] INFO  o.s.boot.tomcat.TomcatWebServer - Tomcat started on port 8080 (http) with context path '/'
2026-07-28 12:28:26.215 [NO-ID] [main] INFO  c.b.b.BankingApiApplication - Started BankingApiApplication in 3.397 seconds (process running for 3.744)
2026-07-28 12:28:34.947 [NO-ID] [http-nio-8080-exec-1] INFO  o.a.c.c.C.[Tomcat].[localhost].[/] - Initializing Spring DispatcherServlet 'dispatcherServlet'
2026-07-28 12:28:34.948 [NO-ID] [http-nio-8080-exec-1] INFO  o.s.web.servlet.DispatcherServlet - Initializing Servlet 'dispatcherServlet'
2026-07-28 12:28:34.949 [NO-ID] [http-nio-8080-exec-1] INFO  o.s.web.servlet.DispatcherServlet - Completed initialization in 1 ms
2026-07-28 12:28:35.045 [NO-ID] [http-nio-8080-exec-1] DEBUG o.s.jdbc.core.JdbcTemplate - Executing prepared SQL query
2026-07-28 12:28:35.045 [NO-ID] [http-nio-8080-exec-1] DEBUG o.s.jdbc.core.JdbcTemplate - Executing prepared SQL statement [SELECT * FROM users WHERE id = ?]
2026-07-28 12:28:35.047 [NO-ID] [http-nio-8080-exec-1] DEBUG o.s.jdbc.datasource.DataSourceUtils - Fetching JDBC Connection from DataSource
2026-07-28 12:28:35.047 [NO-ID] [http-nio-8080-exec-1] INFO  com.zaxxer.hikari.HikariDataSource - BankHikariPool - Starting...
2026-07-28 12:28:35.317 [NO-ID] [http-nio-8080-exec-1] INFO  com.zaxxer.hikari.pool.HikariPool - BankHikariPool - Added connection org.postgresql.jdbc.PgConnection@14c7791
2026-07-28 12:28:35.319 [NO-ID] [http-nio-8080-exec-1] INFO  com.zaxxer.hikari.HikariDataSource - BankHikariPool - Start completed.
2026-07-28 12:28:35.414 [NO-ID] [http-nio-8080-exec-1] DEBUG o.s.j.support.JdbcTransactionManager - Creating new transaction with name [com.bank.banking_api.service.AccountService.withdraw]: PROPAGATION_REQUIRED,ISOLATION_DEFAULT
2026-07-28 12:28:35.416 [NO-ID] [http-nio-8080-exec-1] DEBUG o.s.j.support.JdbcTransactionManager - Acquired Connection [HikariProxyConnection@2085310803 wrapping org.postgresql.jdbc.PgConnection@14c7791] for JDBC transaction
2026-07-28 12:28:35.417 [NO-ID] [http-nio-8080-exec-1] DEBUG o.s.j.support.JdbcTransactionManager - Switching JDBC Connection [HikariProxyConnection@2085310803 wrapping org.postgresql.jdbc.PgConnection@14c7791] to manual commit
2026-07-28 12:28:35.421 [NO-ID] [http-nio-8080-exec-1] DEBUG o.s.jdbc.core.JdbcTemplate - Executing prepared SQL query
2026-07-28 12:28:35.422 [NO-ID] [http-nio-8080-exec-1] DEBUG o.s.jdbc.core.JdbcTemplate - Executing prepared SQL statement [Select * from accounts where account_number = ?]
2026-07-28 12:28:35.444 [NO-ID] [http-nio-8080-exec-1] DEBUG o.s.jdbc.core.JdbcTemplate - Executing prepared SQL query
2026-07-28 12:28:35.444 [NO-ID] [http-nio-8080-exec-1] DEBUG o.s.jdbc.core.JdbcTemplate - Executing prepared SQL statement [Select * from accounts where account_number = ?]
2026-07-28 12:28:35.446 [NO-ID] [http-nio-8080-exec-1] DEBUG o.s.jdbc.core.JdbcTemplate - Executing prepared SQL query
2026-07-28 12:28:35.446 [NO-ID] [http-nio-8080-exec-1] DEBUG o.s.jdbc.core.JdbcTemplate - Executing prepared SQL statement [Select * from transactions where idempotency_key=?]
2026-07-28 12:28:35.452 [NO-ID] [http-nio-8080-exec-1] DEBUG o.s.j.support.JdbcTransactionManager - Participating in existing transaction
2026-07-28 12:28:35.452 [NO-ID] [http-nio-8080-exec-1] DEBUG o.s.jdbc.core.JdbcTemplate - Executing prepared SQL update
2026-07-28 12:28:35.453 [NO-ID] [http-nio-8080-exec-1] DEBUG o.s.jdbc.core.JdbcTemplate - Executing prepared SQL statement [Update accounts SET balance_amount=?,updated_at=? where account_number=?]
2026-07-28 12:28:35.457 [NO-ID] [http-nio-8080-exec-1] DEBUG o.s.jdbc.core.JdbcTemplate - Executing prepared SQL update
2026-07-28 12:28:35.457 [NO-ID] [http-nio-8080-exec-1] DEBUG o.s.jdbc.core.JdbcTemplate - Executing prepared SQL statement [Insert into transactions (id, type,from_account,to_account ,amount,currency,status,idempotency_key,created_at,response_cache,error_message,completed_at)
values (?,?,?,?,?,?,?,?,?,?,?,?)
]
2026-07-28 12:28:35.463 [NO-ID] [http-nio-8080-exec-1] DEBUG o.s.j.s.SQLStateSQLExceptionTranslator - Extracted SQL state class '23' from value '23502'
2026-07-28 12:28:35.465 [NO-ID] [http-nio-8080-exec-1] DEBUG o.s.j.support.JdbcTransactionManager - Initiating transaction rollback
2026-07-28 12:28:35.465 [NO-ID] [http-nio-8080-exec-1] DEBUG o.s.j.support.JdbcTransactionManager - Rolling back JDBC transaction on Connection [HikariProxyConnection@2085310803 wrapping org.postgresql.jdbc.PgConnection@14c7791]
2026-07-28 12:28:35.466 [NO-ID] [http-nio-8080-exec-1] DEBUG o.s.j.support.JdbcTransactionManager - Releasing JDBC Connection [HikariProxyConnection@2085310803 wrapping org.postgresql.jdbc.PgConnection@14c7791] after transaction
2026-07-28 12:28:35.468 [NO-ID] [http-nio-8080-exec-1] ERROR c.b.b.e.GlobalExceptionHandler - Unexpected error occured at path: /api/accounts/ACC-Deep-003/withdraw
org.springframework.dao.DataIntegrityViolationException: PreparedStatementCallback; SQL [Insert into transactions (id, type,from_account,to_account ,amount,currency,status,idempotency_key,created_at,response_cache,error_message,completed_at)
values (?,?,?,?,?,?,?,?,?,?,?,?)
]; ERROR: null value in column "idempotency_key" of relation "transactions" violates not-null constraint
  Detail: Failing row contains (933947f3-5225-41e7-94af-fbaf70865110, WITHDRAW, ACC-Deep-003, null, 50.0000, USD, COMMITTED, null, 2026-07-28 12:28:35.456872, 2026-07-28 12:28:35.456814, Success, none).
	at org.springframework.jdbc.support.SQLStateSQLExceptionTranslator.doTranslate(SQLStateSQLExceptionTranslator.java:140)
	at org.springframework.jdbc.support.AbstractFallbackSQLExceptionTranslator.translate(AbstractFallbackSQLExceptionTranslator.java:102)
	at org.springframework.jdbc.support.AbstractFallbackSQLExceptionTranslator.translate(AbstractFallbackSQLExceptionTranslator.java:111)
	at org.springframework.jdbc.core.JdbcTemplate.translateException(JdbcTemplate.java:1549)
	at org.springframework.jdbc.core.JdbcTemplate.execute(JdbcTemplate.java:689)
	at org.springframework.jdbc.core.JdbcTemplate.update(JdbcTemplate.java:966)
	at org.springframework.jdbc.core.JdbcTemplate.update(JdbcTemplate.java:1010)
	at org.springframework.jdbc.core.JdbcTemplate.update(JdbcTemplate.java:1020)
	at com.bank.banking_api.persistence.JdbcTransactionRepository.save(JdbcTransactionRepository.java:55)
	at java.base/jdk.internal.reflect.DirectMethodHandleAccessor.invoke(DirectMethodHandleAccessor.java:104)
	at java.base/java.lang.reflect.Method.invoke(Method.java:565)
	at org.springframework.aop.support.AopUtils.invokeJoinpointUsingReflection(AopUtils.java:359)
	at org.springframework.aop.framework.ReflectiveMethodInvocation.invokeJoinpoint(ReflectiveMethodInvocation.java:190)
	at org.springframework.aop.framework.ReflectiveMethodInvocation.proceed(ReflectiveMethodInvocation.java:158)
	at org.springframework.dao.support.PersistenceExceptionTranslationInterceptor.invoke(PersistenceExceptionTranslationInterceptor.java:135)
	at org.springframework.aop.framework.ReflectiveMethodInvocation.proceed(ReflectiveMethodInvocation.java:179)
	at org.springframework.aop.framework.CglibAopProxy$DynamicAdvisedInterceptor.intercept(CglibAopProxy.java:719)
	at com.bank.banking_api.persistence.JdbcTransactionRepository$$SpringCGLIB$$0.save(<generated>)
	at com.bank.banking_api.service.AccountService.withdraw(AccountService.java:129)
	at java.base/jdk.internal.reflect.DirectMethodHandleAccessor.invoke(DirectMethodHandleAccessor.java:104)
	at java.base/java.lang.reflect.Method.invoke(Method.java:565)
	at org.springframework.aop.support.AopUtils.invokeJoinpointUsingReflection(AopUtils.java:359)
	at org.springframework.aop.framework.ReflectiveMethodInvocation.invokeJoinpoint(ReflectiveMethodInvocation.java:190)
	at org.springframework.aop.framework.ReflectiveMethodInvocation.proceed(ReflectiveMethodInvocation.java:158)
	at org.springframework.aop.aspectj.MethodInvocationProceedingJoinPoint.proceed(MethodInvocationProceedingJoinPoint.java:82)
	at com.bank.banking_api.aspect.AuditAspect.audit(AuditAspect.java:80)
	at java.base/jdk.internal.reflect.DirectMethodHandleAccessor.invoke(DirectMethodHandleAccessor.java:104)
	at java.base/java.lang.reflect.Method.invoke(Method.java:565)
	at org.springframework.aop.aspectj.AbstractAspectJAdvice.invokeAdviceMethodWithGivenArgs(AbstractAspectJAdvice.java:648)
	at org.springframework.aop.aspectj.AbstractAspectJAdvice.invokeAdviceMethod(AbstractAspectJAdvice.java:630)
	at org.springframework.aop.aspectj.AspectJAroundAdvice.invoke(AspectJAroundAdvice.java:70)
	at org.springframework.aop.framework.ReflectiveMethodInvocation.proceed(ReflectiveMethodInvocation.java:168)
	at org.springframework.transaction.interceptor.TransactionInterceptor$1.proceedWithInvocation(TransactionInterceptor.java:133)
	at org.springframework.transaction.interceptor.TransactionAspectSupport.invokeWithinTransaction(TransactionAspectSupport.java:371)
	at org.springframework.transaction.interceptor.TransactionInterceptor.invoke(TransactionInterceptor.java:130)
	at org.springframework.aop.framework.ReflectiveMethodInvocation.proceed(ReflectiveMethodInvocation.java:179)
	at org.springframework.aop.interceptor.ExposeInvocationInterceptor.invoke(ExposeInvocationInterceptor.java:96)
	at org.springframework.aop.framework.ReflectiveMethodInvocation.proceed(ReflectiveMethodInvocation.java:179)
	at org.springframework.aop.framework.CglibAopProxy$DynamicAdvisedInterceptor.intercept(CglibAopProxy.java:719)
	at com.bank.banking_api.service.AccountService$$SpringCGLIB$$0.withdraw(<generated>)
	at com.bank.banking_api.controller.AccountController.withdraw(AccountController.java:110)
	at java.base/jdk.internal.reflect.DirectMethodHandleAccessor.invoke(DirectMethodHandleAccessor.java:104)
	at java.base/java.lang.reflect.Method.invoke(Method.java:565)
	at org.springframework.web.method.support.InvocableHandlerMethod.doInvoke(InvocableHandlerMethod.java:252)
	at org.springframework.web.method.support.InvocableHandlerMethod.invokeForRequest(InvocableHandlerMethod.java:184)
	at org.springframework.web.servlet.mvc.method.annotation.ServletInvocableHandlerMethod.invokeAndHandle(ServletInvocableHandlerMethod.java:117)
	at org.springframework.web.servlet.mvc.method.annotation.RequestMappingHandlerAdapter.invokeHandlerMethod(RequestMappingHandlerAdapter.java:934)
	at org.springframework.web.servlet.mvc.method.annotation.RequestMappingHandlerAdapter.handleInternal(RequestMappingHandlerAdapter.java:853)
	at org.springframework.web.servlet.mvc.method.AbstractHandlerMethodAdapter.handle(AbstractHandlerMethodAdapter.java:86)
	at org.springframework.web.servlet.DispatcherServlet.doDispatch(DispatcherServlet.java:963)
	at org.springframework.web.servlet.DispatcherServlet.doService(DispatcherServlet.java:866)
	at org.springframework.web.servlet.FrameworkServlet.processRequest(FrameworkServlet.java:1000)
	at org.springframework.web.servlet.FrameworkServlet.doPost(FrameworkServlet.java:903)
	at jakarta.servlet.http.HttpServlet.service(HttpServlet.java:649)
	at org.springframework.web.servlet.FrameworkServlet.service(FrameworkServlet.java:874)
	at jakarta.servlet.http.HttpServlet.service(HttpServlet.java:710)
	at org.apache.catalina.core.ApplicationFilterChain.doFilter(ApplicationFilterChain.java:128)
	at org.apache.tomcat.websocket.server.WsFilter.doFilter(WsFilter.java:53)
	at org.apache.catalina.core.ApplicationFilterChain.doFilter(ApplicationFilterChain.java:107)
	at org.springframework.web.filter.OncePerRequestFilter.doFilter(OncePerRequestFilter.java:110)
	at org.apache.catalina.core.ApplicationFilterChain.doFilter(ApplicationFilterChain.java:107)
	at org.springframework.web.filter.OncePerRequestFilter.doFilter(OncePerRequestFilter.java:110)
	at org.apache.catalina.core.ApplicationFilterChain.doFilter(ApplicationFilterChain.java:107)
	at org.springframework.web.filter.CompositeFilter$VirtualFilterChain.doFilter(CompositeFilter.java:108)
	at org.springframework.security.web.FilterChainProxy.lambda$doFilterInternal$2(FilterChainProxy.java:235)
	at org.springframework.security.web.ObservationFilterChainDecorator$FilterObservation$SimpleFilterObservation.lambda$wrap$1(ObservationFilterChainDecorator.java:491)
	at org.springframework.security.web.ObservationFilterChainDecorator$AroundFilterObservation$SimpleAroundFilterObservation.lambda$wrap$1(ObservationFilterChainDecorator.java:353)
	at org.springframework.security.web.ObservationFilterChainDecorator.lambda$wrapSecured$0(ObservationFilterChainDecorator.java:84)
	at org.springframework.security.web.ObservationFilterChainDecorator$VirtualFilterChain.doFilter(ObservationFilterChainDecorator.java:131)
	at org.springframework.security.web.access.intercept.AuthorizationFilter.doFilter(AuthorizationFilter.java:101)
	at org.springframework.security.web.ObservationFilterChainDecorator$ObservationFilter.wrapFilter(ObservationFilterChainDecorator.java:243)
	at org.springframework.security.web.ObservationFilterChainDecorator$ObservationFilter.doFilter(ObservationFilterChainDecorator.java:230)
	at org.springframework.security.web.ObservationFilterChainDecorator$VirtualFilterChain.doFilter(ObservationFilterChainDecorator.java:140)
	at org.springframework.security.web.access.ExceptionTranslationFilter.doFilter(ExceptionTranslationFilter.java:126)
	at org.springframework.security.web.access.ExceptionTranslationFilter.doFilter(ExceptionTranslationFilter.java:120)
	at org.springframework.security.web.ObservationFilterChainDecorator$ObservationFilter.wrapFilter(ObservationFilterChainDecorator.java:243)
	at org.springframework.security.web.ObservationFilterChainDecorator$ObservationFilter.doFilter(ObservationFilterChainDecorator.java:230)
	at org.springframework.security.web.ObservationFilterChainDecorator$VirtualFilterChain.doFilter(ObservationFilterChainDecorator.java:140)
	at org.springframework.security.web.session.SessionManagementFilter.doFilter(SessionManagementFilter.java:132)
	at org.springframework.security.web.session.SessionManagementFilter.doFilter(SessionManagementFilter.java:86)
	at org.springframework.security.web.ObservationFilterChainDecorator$ObservationFilter.wrapFilter(ObservationFilterChainDecorator.java:243)
	at org.springframework.security.web.ObservationFilterChainDecorator$ObservationFilter.doFilter(ObservationFilterChainDecorator.java:230)
	at org.springframework.security.web.ObservationFilterChainDecorator$VirtualFilterChain.doFilter(ObservationFilterChainDecorator.java:140)
	at org.springframework.security.web.authentication.AnonymousAuthenticationFilter.doFilter(AnonymousAuthenticationFilter.java:100)
	at org.springframework.security.web.ObservationFilterChainDecorator$ObservationFilter.wrapFilter(ObservationFilterChainDecorator.java:243)
	at org.springframework.security.web.ObservationFilterChainDecorator$ObservationFilter.doFilter(ObservationFilterChainDecorator.java:230)
	at org.springframework.security.web.ObservationFilterChainDecorator$VirtualFilterChain.doFilter(ObservationFilterChainDecorator.java:140)
	at org.springframework.security.web.servletapi.SecurityContextHolderAwareRequestFilter.doFilter(SecurityContextHolderAwareRequestFilter.java:181)
	at org.springframework.security.web.ObservationFilterChainDecorator$ObservationFilter.wrapFilter(ObservationFilterChainDecorator.java:243)
	at org.springframework.security.web.ObservationFilterChainDecorator$ObservationFilter.doFilter(ObservationFilterChainDecorator.java:230)
	at org.springframework.security.web.ObservationFilterChainDecorator$VirtualFilterChain.doFilter(ObservationFilterChainDecorator.java:140)
	at org.springframework.security.web.savedrequest.RequestCacheAwareFilter.doFilter(RequestCacheAwareFilter.java:63)
	at org.springframework.security.web.ObservationFilterChainDecorator$ObservationFilter.wrapFilter(ObservationFilterChainDecorator.java:243)
	at org.springframework.security.web.ObservationFilterChainDecorator$ObservationFilter.doFilter(ObservationFilterChainDecorator.java:230)
	at org.springframework.security.web.ObservationFilterChainDecorator$VirtualFilterChain.doFilter(ObservationFilterChainDecorator.java:140)
	at com.bank.banking_api.config.JwtAuthenticationFilter.doFilterInternal(JwtAuthenticationFilter.java:53)
	at org.springframework.web.filter.OncePerRequestFilter.doFilter(OncePerRequestFilter.java:116)
	at org.springframework.security.web.ObservationFilterChainDecorator$ObservationFilter.wrapFilter(ObservationFilterChainDecorator.java:243)
	at org.springframework.security.web.ObservationFilterChainDecorator$ObservationFilter.doFilter(ObservationFilterChainDecorator.java:230)
	at org.springframework.security.web.ObservationFilterChainDecorator$VirtualFilterChain.doFilter(ObservationFilterChainDecorator.java:140)
	at com.bank.banking_api.config.RateLimiterFilter.doFilterInternal(RateLimiterFilter.java:38)
	at org.springframework.web.filter.OncePerRequestFilter.doFilter(OncePerRequestFilter.java:116)
	at org.springframework.security.web.ObservationFilterChainDecorator$ObservationFilter.wrapFilter(ObservationFilterChainDecorator.java:243)
	at org.springframework.security.web.ObservationFilterChainDecorator$ObservationFilter.doFilter(ObservationFilterChainDecorator.java:230)
	at org.springframework.security.web.ObservationFilterChainDecorator$VirtualFilterChain.doFilter(ObservationFilterChainDecorator.java:140)
	at org.springframework.security.web.authentication.logout.LogoutFilter.doFilter(LogoutFilter.java:110)
	at org.springframework.security.web.authentication.logout.LogoutFilter.doFilter(LogoutFilter.java:96)
	at org.springframework.security.web.ObservationFilterChainDecorator$ObservationFilter.wrapFilter(ObservationFilterChainDecorator.java:243)
	at org.springframework.security.web.ObservationFilterChainDecorator$ObservationFilter.doFilter(ObservationFilterChainDecorator.java:230)
	at org.springframework.security.web.ObservationFilterChainDecorator$VirtualFilterChain.doFilter(ObservationFilterChainDecorator.java:140)
	at org.springframework.security.web.header.HeaderWriterFilter.doHeadersAfter(HeaderWriterFilter.java:90)
	at org.springframework.security.web.header.HeaderWriterFilter.doFilterInternal(HeaderWriterFilter.java:75)
	at org.springframework.web.filter.OncePerRequestFilter.doFilter(OncePerRequestFilter.java:116)
	at org.springframework.security.web.ObservationFilterChainDecorator$ObservationFilter.wrapFilter(ObservationFilterChainDecorator.java:243)
	at org.springframework.security.web.ObservationFilterChainDecorator$ObservationFilter.doFilter(ObservationFilterChainDecorator.java:230)
	at org.springframework.security.web.ObservationFilterChainDecorator$VirtualFilterChain.doFilter(ObservationFilterChainDecorator.java:140)
	at org.springframework.security.web.context.SecurityContextHolderFilter.doFilter(SecurityContextHolderFilter.java:82)
	at org.springframework.security.web.context.SecurityContextHolderFilter.doFilter(SecurityContextHolderFilter.java:69)
	at org.springframework.security.web.ObservationFilterChainDecorator$ObservationFilter.wrapFilter(ObservationFilterChainDecorator.java:243)
	at org.springframework.security.web.ObservationFilterChainDecorator$ObservationFilter.doFilter(ObservationFilterChainDecorator.java:230)
	at org.springframework.security.web.ObservationFilterChainDecorator$VirtualFilterChain.doFilter(ObservationFilterChainDecorator.java:140)
	at org.springframework.security.web.context.request.async.WebAsyncManagerIntegrationFilter.doFilterInternal(WebAsyncManagerIntegrationFilter.java:62)
	at org.springframework.web.filter.OncePerRequestFilter.doFilter(OncePerRequestFilter.java:116)
	at org.springframework.security.web.ObservationFilterChainDecorator$ObservationFilter.wrapFilter(ObservationFilterChainDecorator.java:243)
	at org.springframework.security.web.ObservationFilterChainDecorator$ObservationFilter.doFilter(ObservationFilterChainDecorator.java:230)
	at org.springframework.security.web.ObservationFilterChainDecorator$VirtualFilterChain.doFilter(ObservationFilterChainDecorator.java:140)
	at org.springframework.security.web.session.DisableEncodeUrlFilter.doFilterInternal(DisableEncodeUrlFilter.java:42)
	at org.springframework.web.filter.OncePerRequestFilter.doFilter(OncePerRequestFilter.java:116)
	at org.springframework.security.web.ObservationFilterChainDecorator$ObservationFilter.wrapFilter(ObservationFilterChainDecorator.java:243)
	at org.springframework.security.web.ObservationFilterChainDecorator$AroundFilterObservation$SimpleAroundFilterObservation.lambda$wrap$0(ObservationFilterChainDecorator.java:336)
	at org.springframework.security.web.ObservationFilterChainDecorator$ObservationFilter.doFilter(ObservationFilterChainDecorator.java:227)
	at org.springframework.security.web.ObservationFilterChainDecorator$VirtualFilterChain.doFilter(ObservationFilterChainDecorator.java:140)
	at org.springframework.security.web.FilterChainProxy.doFilterInternal(FilterChainProxy.java:237)
	at org.springframework.security.web.FilterChainProxy.doFilter(FilterChainProxy.java:195)
	at org.springframework.web.filter.CompositeFilter$VirtualFilterChain.doFilter(CompositeFilter.java:113)
	at org.springframework.web.filter.ServletRequestPathFilter.doFilter(ServletRequestPathFilter.java:52)
	at org.springframework.web.filter.CompositeFilter$VirtualFilterChain.doFilter(CompositeFilter.java:113)
	at org.springframework.web.filter.CompositeFilter.doFilter(CompositeFilter.java:74)
	at org.springframework.security.config.annotation.web.configuration.WebSecurityConfiguration$CompositeFilterChainProxy.doFilter(WebSecurityConfiguration.java:317)
	at org.springframework.web.filter.DelegatingFilterProxy.invokeDelegate(DelegatingFilterProxy.java:355)
	at org.springframework.web.filter.DelegatingFilterProxy.doFilter(DelegatingFilterProxy.java:272)
	at org.apache.catalina.core.ApplicationFilterChain.doFilter(ApplicationFilterChain.java:107)
	at org.springframework.web.filter.RequestContextFilter.doFilterInternal(RequestContextFilter.java:100)
	at org.springframework.web.filter.OncePerRequestFilter.doFilter(OncePerRequestFilter.java:116)
	at org.apache.catalina.core.ApplicationFilterChain.doFilter(ApplicationFilterChain.java:107)
	at org.springframework.web.filter.FormContentFilter.doFilterInternal(FormContentFilter.java:93)
	at org.springframework.web.filter.OncePerRequestFilter.doFilter(OncePerRequestFilter.java:116)
	at org.apache.catalina.core.ApplicationFilterChain.doFilter(ApplicationFilterChain.java:107)
	at org.springframework.web.filter.ServerHttpObservationFilter.doFilterInternal(ServerHttpObservationFilter.java:110)
	at org.springframework.web.filter.OncePerRequestFilter.doFilter(OncePerRequestFilter.java:116)
	at org.apache.catalina.core.ApplicationFilterChain.doFilter(ApplicationFilterChain.java:107)
	at org.springframework.web.filter.CharacterEncodingFilter.doFilterInternal(CharacterEncodingFilter.java:199)
	at org.springframework.web.filter.OncePerRequestFilter.doFilter(OncePerRequestFilter.java:116)
	at org.apache.catalina.core.ApplicationFilterChain.doFilter(ApplicationFilterChain.java:107)
	at com.bank.banking_api.config.RequestLoggingFilter.doFilterInternal(RequestLoggingFilter.java:43)
	at org.springframework.web.filter.OncePerRequestFilter.doFilter(OncePerRequestFilter.java:116)
	at org.apache.catalina.core.ApplicationFilterChain.doFilter(ApplicationFilterChain.java:107)
	at org.apache.catalina.core.StandardWrapperValve.invoke(StandardWrapperValve.java:165)
	at org.apache.catalina.core.StandardContextValve.invoke(StandardContextValve.java:77)
	at org.apache.catalina.authenticator.AuthenticatorBase.invoke(AuthenticatorBase.java:492)
	at org.apache.catalina.core.StandardHostValve.invoke(StandardHostValve.java:113)
	at org.apache.catalina.valves.ErrorReportValve.invoke(ErrorReportValve.java:83)
	at org.apache.catalina.core.StandardEngineValve.invoke(StandardEngineValve.java:72)
	at org.apache.catalina.connector.CoyoteAdapter.service(CoyoteAdapter.java:341)
	at org.apache.coyote.http11.Http11Processor.service(Http11Processor.java:397)
	at org.apache.coyote.AbstractProcessorLight.process(AbstractProcessorLight.java:63)
	at org.apache.coyote.AbstractProtocol$ConnectionHandler.process(AbstractProtocol.java:1272)
	at org.apache.tomcat.util.net.NioEndpoint$SocketProcessor.doRun(NioEndpoint.java:1801)
	at org.apache.tomcat.util.net.SocketProcessorBase.run(SocketProcessorBase.java:52)
	at org.apache.tomcat.util.threads.ThreadPoolExecutor.runWorker(ThreadPoolExecutor.java:946)
	at org.apache.tomcat.util.threads.ThreadPoolExecutor$Worker.run(ThreadPoolExecutor.java:480)
	at org.apache.tomcat.util.threads.TaskThread$WrappingRunnable.run(TaskThread.java:57)
	at java.base/java.lang.Thread.run(Thread.java:1474)
Caused by: org.postgresql.util.PSQLException: ERROR: null value in column "idempotency_key" of relation "transactions" violates not-null constraint
  Detail: Failing row contains (933947f3-5225-41e7-94af-fbaf70865110, WITHDRAW, ACC-Deep-003, null, 50.0000, USD, COMMITTED, null, 2026-07-28 12:28:35.456872, 2026-07-28 12:28:35.456814, Success, none).
	at org.postgresql.core.v3.QueryExecutorImpl.receiveErrorResponse(QueryExecutorImpl.java:2904)
	at org.postgresql.core.v3.QueryExecutorImpl.processResults(QueryExecutorImpl.java:2589)
	at org.postgresql.core.v3.QueryExecutorImpl.execute(QueryExecutorImpl.java:431)
	at org.postgresql.jdbc.PgStatement.executeInternal(PgStatement.java:534)
	at org.postgresql.jdbc.PgStatement.execute(PgStatement.java:437)
	at org.postgresql.jdbc.PgPreparedStatement.executeWithFlags(PgPreparedStatement.java:196)
	at org.postgresql.jdbc.PgPreparedStatement.executeUpdate(PgPreparedStatement.java:157)
	at com.zaxxer.hikari.pool.ProxyPreparedStatement.executeUpdate(ProxyPreparedStatement.java:61)
	at com.zaxxer.hikari.pool.HikariProxyPreparedStatement.executeUpdate(HikariProxyPreparedStatement.java)
	at org.springframework.jdbc.core.JdbcTemplate.lambda$update$0(JdbcTemplate.java:971)
	at org.springframework.jdbc.core.JdbcTemplate.execute(JdbcTemplate.java:670)
	... 168 common frames omitted
2026-07-28 12:29:37.133 [NO-ID] [http-nio-8080-exec-3] DEBUG o.s.jdbc.core.JdbcTemplate - Executing prepared SQL query
2026-07-28 12:29:37.136 [NO-ID] [http-nio-8080-exec-3] DEBUG o.s.jdbc.core.JdbcTemplate - Executing prepared SQL statement [SELECT * FROM users WHERE id = ?]
2026-07-28 12:29:37.137 [NO-ID] [http-nio-8080-exec-3] DEBUG o.s.jdbc.datasource.DataSourceUtils - Fetching JDBC Connection from DataSource
2026-07-28 12:29:37.148 [NO-ID] [http-nio-8080-exec-3] DEBUG o.s.j.support.JdbcTransactionManager - Creating new transaction with name [com.bank.banking_api.service.AccountService.deposit]: PROPAGATION_REQUIRED,ISOLATION_DEFAULT
2026-07-28 12:29:37.148 [NO-ID] [http-nio-8080-exec-3] DEBUG o.s.j.support.JdbcTransactionManager - Acquired Connection [HikariProxyConnection@839626967 wrapping org.postgresql.jdbc.PgConnection@14c7791] for JDBC transaction
2026-07-28 12:29:37.148 [NO-ID] [http-nio-8080-exec-3] DEBUG o.s.j.support.JdbcTransactionManager - Switching JDBC Connection [HikariProxyConnection@839626967 wrapping org.postgresql.jdbc.PgConnection@14c7791] to manual commit
2026-07-28 12:29:37.149 [NO-ID] [http-nio-8080-exec-3] DEBUG o.s.jdbc.core.JdbcTemplate - Executing prepared SQL query
2026-07-28 12:29:37.149 [NO-ID] [http-nio-8080-exec-3] DEBUG o.s.jdbc.core.JdbcTemplate - Executing prepared SQL statement [Select * from accounts where account_number = ?]
2026-07-28 12:29:37.150 [NO-ID] [http-nio-8080-exec-3] DEBUG o.s.jdbc.core.JdbcTemplate - Executing prepared SQL query
2026-07-28 12:29:37.150 [NO-ID] [http-nio-8080-exec-3] DEBUG o.s.jdbc.core.JdbcTemplate - Executing prepared SQL statement [Select * from accounts where account_number = ?]
2026-07-28 12:29:37.151 [NO-ID] [http-nio-8080-exec-3] DEBUG o.s.jdbc.core.JdbcTemplate - Executing prepared SQL query
2026-07-28 12:29:37.151 [NO-ID] [http-nio-8080-exec-3] DEBUG o.s.jdbc.core.JdbcTemplate - Executing prepared SQL statement [Select * from transactions where idempotency_key=?]
2026-07-28 12:29:37.153 [NO-ID] [http-nio-8080-exec-3] DEBUG o.s.jdbc.core.JdbcTemplate - Executing prepared SQL query
2026-07-28 12:29:37.153 [NO-ID] [http-nio-8080-exec-3] DEBUG o.s.jdbc.core.JdbcTemplate - Executing prepared SQL statement [Select * from accounts where account_number = ?]
2026-07-28 12:29:37.157 [NO-ID] [http-nio-8080-exec-3] DEBUG o.s.j.support.JdbcTransactionManager - Initiating transaction commit
2026-07-28 12:29:37.158 [NO-ID] [http-nio-8080-exec-3] DEBUG o.s.j.support.JdbcTransactionManager - Committing JDBC transaction on Connection [HikariProxyConnection@839626967 wrapping org.postgresql.jdbc.PgConnection@14c7791]
2026-07-28 12:29:37.159 [NO-ID] [http-nio-8080-exec-3] DEBUG o.s.jdbc.core.JdbcTemplate - Executing prepared SQL update
2026-07-28 12:29:37.160 [NO-ID] [http-nio-8080-exec-3] DEBUG o.s.jdbc.core.JdbcTemplate - Executing prepared SQL statement [insert into audit_logs (id,transaction_id,actor_id,action,details,timestamp)
values(?,?,?,?,?::jsonb,?)
]
2026-07-28 12:29:37.167 [NO-ID] [http-nio-8080-exec-3] DEBUG o.s.j.support.JdbcTransactionManager - Releasing JDBC Connection [HikariProxyConnection@839626967 wrapping org.postgresql.jdbc.PgConnection@14c7791] after transaction
2026-07-28 12:30:00.556 [NO-ID] [http-nio-8080-exec-5] DEBUG o.s.jdbc.core.JdbcTemplate - Executing prepared SQL query
2026-07-28 12:30:00.556 [NO-ID] [http-nio-8080-exec-5] DEBUG o.s.jdbc.core.JdbcTemplate - Executing prepared SQL statement [SELECT * FROM users WHERE id = ?]
2026-07-28 12:30:00.556 [NO-ID] [http-nio-8080-exec-5] DEBUG o.s.jdbc.datasource.DataSourceUtils - Fetching JDBC Connection from DataSource
2026-07-28 12:30:00.564 [NO-ID] [http-nio-8080-exec-5] DEBUG o.s.j.support.JdbcTransactionManager - Creating new transaction with name [com.bank.banking_api.service.AccountService.deposit]: PROPAGATION_REQUIRED,ISOLATION_DEFAULT
2026-07-28 12:30:00.564 [NO-ID] [http-nio-8080-exec-5] DEBUG o.s.j.support.JdbcTransactionManager - Acquired Connection [HikariProxyConnection@2059889569 wrapping org.postgresql.jdbc.PgConnection@14c7791] for JDBC transaction
2026-07-28 12:30:00.565 [NO-ID] [http-nio-8080-exec-5] DEBUG o.s.j.support.JdbcTransactionManager - Switching JDBC Connection [HikariProxyConnection@2059889569 wrapping org.postgresql.jdbc.PgConnection@14c7791] to manual commit
2026-07-28 12:30:00.565 [NO-ID] [http-nio-8080-exec-5] DEBUG o.s.jdbc.core.JdbcTemplate - Executing prepared SQL query
2026-07-28 12:30:00.565 [NO-ID] [http-nio-8080-exec-5] DEBUG o.s.jdbc.core.JdbcTemplate - Executing prepared SQL statement [Select * from accounts where account_number = ?]
2026-07-28 12:30:00.569 [NO-ID] [http-nio-8080-exec-5] DEBUG o.s.jdbc.core.JdbcTemplate - Executing prepared SQL query
2026-07-28 12:30:00.569 [NO-ID] [http-nio-8080-exec-5] DEBUG o.s.jdbc.core.JdbcTemplate - Executing prepared SQL statement [Select * from accounts where account_number = ?]
2026-07-28 12:30:00.570 [NO-ID] [http-nio-8080-exec-5] DEBUG o.s.jdbc.core.JdbcTemplate - Executing prepared SQL query
2026-07-28 12:30:00.570 [NO-ID] [http-nio-8080-exec-5] DEBUG o.s.jdbc.core.JdbcTemplate - Executing prepared SQL statement [Select * from transactions where idempotency_key=?]
2026-07-28 12:30:00.571 [NO-ID] [http-nio-8080-exec-5] DEBUG o.s.jdbc.core.JdbcTemplate - Executing prepared SQL query
2026-07-28 12:30:00.572 [NO-ID] [http-nio-8080-exec-5] DEBUG o.s.jdbc.core.JdbcTemplate - Executing prepared SQL statement [Select * from accounts where account_number = ?]
2026-07-28 12:30:00.573 [NO-ID] [http-nio-8080-exec-5] DEBUG o.s.j.support.JdbcTransactionManager - Initiating transaction commit
2026-07-28 12:30:00.574 [NO-ID] [http-nio-8080-exec-5] DEBUG o.s.j.support.JdbcTransactionManager - Committing JDBC transaction on Connection [HikariProxyConnection@2059889569 wrapping org.postgresql.jdbc.PgConnection@14c7791]
2026-07-28 12:30:00.575 [NO-ID] [http-nio-8080-exec-5] DEBUG o.s.jdbc.core.JdbcTemplate - Executing prepared SQL update
2026-07-28 12:30:00.575 [NO-ID] [http-nio-8080-exec-5] DEBUG o.s.jdbc.core.JdbcTemplate - Executing prepared SQL statement [insert into audit_logs (id,transaction_id,actor_id,action,details,timestamp)
values(?,?,?,?,?::jsonb,?)
]
2026-07-28 12:30:00.582 [NO-ID] [http-nio-8080-exec-5] DEBUG o.s.j.support.JdbcTransactionManager - Releasing JDBC Connection [HikariProxyConnection@2059889569 wrapping org.postgresql.jdbc.PgConnection@14c7791] after transaction
2026-07-28 12:30:19.106 [NO-ID] [http-nio-8080-exec-6] DEBUG o.s.jdbc.core.JdbcTemplate - Executing prepared SQL query
2026-07-28 12:30:19.107 [NO-ID] [http-nio-8080-exec-6] DEBUG o.s.jdbc.core.JdbcTemplate - Executing prepared SQL statement [SELECT * FROM users WHERE id = ?]
2026-07-28 12:30:19.107 [NO-ID] [http-nio-8080-exec-6] DEBUG o.s.jdbc.datasource.DataSourceUtils - Fetching JDBC Connection from DataSource
2026-07-28 12:30:19.115 [NO-ID] [http-nio-8080-exec-6] DEBUG o.s.j.support.JdbcTransactionManager - Creating new transaction with name [com.bank.banking_api.service.AccountService.deposit]: PROPAGATION_REQUIRED,ISOLATION_DEFAULT
2026-07-28 12:30:19.116 [NO-ID] [http-nio-8080-exec-6] DEBUG o.s.j.support.JdbcTransactionManager - Acquired Connection [HikariProxyConnection@2074115538 wrapping org.postgresql.jdbc.PgConnection@14c7791] for JDBC transaction
2026-07-28 12:30:19.116 [NO-ID] [http-nio-8080-exec-6] DEBUG o.s.j.support.JdbcTransactionManager - Switching JDBC Connection [HikariProxyConnection@2074115538 wrapping org.postgresql.jdbc.PgConnection@14c7791] to manual commit
2026-07-28 12:30:19.117 [NO-ID] [http-nio-8080-exec-6] DEBUG o.s.jdbc.core.JdbcTemplate - Executing prepared SQL query
2026-07-28 12:30:19.117 [NO-ID] [http-nio-8080-exec-6] DEBUG o.s.jdbc.core.JdbcTemplate - Executing prepared SQL statement [Select * from accounts where account_number = ?]
2026-07-28 12:30:19.119 [NO-ID] [http-nio-8080-exec-6] DEBUG o.s.jdbc.core.JdbcTemplate - Executing prepared SQL query
2026-07-28 12:30:19.119 [NO-ID] [http-nio-8080-exec-6] DEBUG o.s.jdbc.core.JdbcTemplate - Executing prepared SQL statement [Select * from accounts where account_number = ?]
2026-07-28 12:30:19.121 [NO-ID] [http-nio-8080-exec-6] DEBUG o.s.jdbc.core.JdbcTemplate - Executing prepared SQL query
2026-07-28 12:30:19.121 [NO-ID] [http-nio-8080-exec-6] DEBUG o.s.jdbc.core.JdbcTemplate - Executing prepared SQL statement [Select * from transactions where idempotency_key=?]
2026-07-28 12:30:19.123 [NO-ID] [http-nio-8080-exec-6] DEBUG o.s.j.support.JdbcTransactionManager - Participating in existing transaction
2026-07-28 12:30:19.123 [NO-ID] [http-nio-8080-exec-6] DEBUG o.s.jdbc.core.JdbcTemplate - Executing prepared SQL update
2026-07-28 12:30:19.123 [NO-ID] [http-nio-8080-exec-6] DEBUG o.s.jdbc.core.JdbcTemplate - Executing prepared SQL statement [Update accounts SET balance_amount=?,updated_at=? where account_number=?]
2026-07-28 12:30:19.125 [NO-ID] [http-nio-8080-exec-6] DEBUG o.s.jdbc.core.JdbcTemplate - Executing prepared SQL update
2026-07-28 12:30:19.125 [NO-ID] [http-nio-8080-exec-6] DEBUG o.s.jdbc.core.JdbcTemplate - Executing prepared SQL statement [Insert into transactions (id, type,from_account,to_account ,amount,currency,status,idempotency_key,created_at,response_cache,error_message,completed_at)
values (?,?,?,?,?,?,?,?,?,?,?,?)
]
2026-07-28 12:30:19.128 [NO-ID] [http-nio-8080-exec-6] DEBUG o.s.jdbc.core.JdbcTemplate - Executing prepared SQL query
2026-07-28 12:30:19.128 [NO-ID] [http-nio-8080-exec-6] DEBUG o.s.jdbc.core.JdbcTemplate - Executing prepared SQL statement [Select * from accounts where account_number = ?]
2026-07-28 12:30:19.130 [NO-ID] [http-nio-8080-exec-6] DEBUG o.s.j.support.JdbcTransactionManager - Initiating transaction commit
2026-07-28 12:30:19.130 [NO-ID] [http-nio-8080-exec-6] DEBUG o.s.j.support.JdbcTransactionManager - Committing JDBC transaction on Connection [HikariProxyConnection@2074115538 wrapping org.postgresql.jdbc.PgConnection@14c7791]
2026-07-28 12:30:19.134 [NO-ID] [http-nio-8080-exec-6] DEBUG o.s.jdbc.core.JdbcTemplate - Executing prepared SQL update
2026-07-28 12:30:19.134 [NO-ID] [http-nio-8080-exec-6] DEBUG o.s.jdbc.core.JdbcTemplate - Executing prepared SQL statement [insert into audit_logs (id,transaction_id,actor_id,action,details,timestamp)
values(?,?,?,?,?::jsonb,?)
]
2026-07-28 12:30:19.142 [NO-ID] [http-nio-8080-exec-6] DEBUG o.s.j.support.JdbcTransactionManager - Releasing JDBC Connection [HikariProxyConnection@2074115538 wrapping org.postgresql.jdbc.PgConnection@14c7791] after transaction
2026-07-28 12:30:38.722 [NO-ID] [http-nio-8080-exec-7] DEBUG o.s.jdbc.core.JdbcTemplate - Executing prepared SQL query
2026-07-28 12:30:38.723 [NO-ID] [http-nio-8080-exec-7] DEBUG o.s.jdbc.core.JdbcTemplate - Executing prepared SQL statement [SELECT * FROM users WHERE id = ?]
2026-07-28 12:30:38.723 [NO-ID] [http-nio-8080-exec-7] DEBUG o.s.jdbc.datasource.DataSourceUtils - Fetching JDBC Connection from DataSource
2026-07-28 12:30:38.727 [NO-ID] [http-nio-8080-exec-7] DEBUG o.s.j.support.JdbcTransactionManager - Creating new transaction with name [com.bank.banking_api.service.AccountService.withdraw]: PROPAGATION_REQUIRED,ISOLATION_DEFAULT
2026-07-28 12:30:38.727 [NO-ID] [http-nio-8080-exec-7] DEBUG o.s.j.support.JdbcTransactionManager - Acquired Connection [HikariProxyConnection@1752790048 wrapping org.postgresql.jdbc.PgConnection@14c7791] for JDBC transaction
2026-07-28 12:30:38.727 [NO-ID] [http-nio-8080-exec-7] DEBUG o.s.j.support.JdbcTransactionManager - Switching JDBC Connection [HikariProxyConnection@1752790048 wrapping org.postgresql.jdbc.PgConnection@14c7791] to manual commit
2026-07-28 12:30:38.728 [NO-ID] [http-nio-8080-exec-7] DEBUG o.s.jdbc.core.JdbcTemplate - Executing prepared SQL query
2026-07-28 12:30:38.728 [NO-ID] [http-nio-8080-exec-7] DEBUG o.s.jdbc.core.JdbcTemplate - Executing prepared SQL statement [Select * from accounts where account_number = ?]
2026-07-28 12:30:38.730 [NO-ID] [http-nio-8080-exec-7] DEBUG o.s.jdbc.core.JdbcTemplate - Executing prepared SQL query
2026-07-28 12:30:38.730 [NO-ID] [http-nio-8080-exec-7] DEBUG o.s.jdbc.core.JdbcTemplate - Executing prepared SQL statement [Select * from accounts where account_number = ?]
2026-07-28 12:30:38.731 [NO-ID] [http-nio-8080-exec-7] DEBUG o.s.jdbc.core.JdbcTemplate - Executing prepared SQL query
2026-07-28 12:30:38.731 [NO-ID] [http-nio-8080-exec-7] DEBUG o.s.jdbc.core.JdbcTemplate - Executing prepared SQL statement [Select * from transactions where idempotency_key=?]
2026-07-28 12:30:38.734 [NO-ID] [http-nio-8080-exec-7] DEBUG o.s.j.support.JdbcTransactionManager - Participating in existing transaction
2026-07-28 12:30:38.734 [NO-ID] [http-nio-8080-exec-7] DEBUG o.s.jdbc.core.JdbcTemplate - Executing prepared SQL update
2026-07-28 12:30:38.734 [NO-ID] [http-nio-8080-exec-7] DEBUG o.s.jdbc.core.JdbcTemplate - Executing prepared SQL statement [Update accounts SET balance_amount=?,updated_at=? where account_number=?]
2026-07-28 12:30:38.735 [NO-ID] [http-nio-8080-exec-7] DEBUG o.s.jdbc.core.JdbcTemplate - Executing prepared SQL update
2026-07-28 12:30:38.735 [NO-ID] [http-nio-8080-exec-7] DEBUG o.s.jdbc.core.JdbcTemplate - Executing prepared SQL statement [Insert into transactions (id, type,from_account,to_account ,amount,currency,status,idempotency_key,created_at,response_cache,error_message,completed_at)
values (?,?,?,?,?,?,?,?,?,?,?,?)
]
2026-07-28 12:30:38.737 [NO-ID] [http-nio-8080-exec-7] DEBUG o.s.j.s.SQLStateSQLExceptionTranslator - Extracted SQL state class '23' from value '23502'
2026-07-28 12:30:38.738 [NO-ID] [http-nio-8080-exec-7] DEBUG o.s.j.support.JdbcTransactionManager - Initiating transaction rollback
2026-07-28 12:30:38.738 [NO-ID] [http-nio-8080-exec-7] DEBUG o.s.j.support.JdbcTransactionManager - Rolling back JDBC transaction on Connection [HikariProxyConnection@1752790048 wrapping org.postgresql.jdbc.PgConnection@14c7791]
2026-07-28 12:30:38.738 [NO-ID] [http-nio-8080-exec-7] DEBUG o.s.j.support.JdbcTransactionManager - Releasing JDBC Connection [HikariProxyConnection@1752790048 wrapping org.postgresql.jdbc.PgConnection@14c7791] after transaction
2026-07-28 12:30:38.739 [NO-ID] [http-nio-8080-exec-7] ERROR c.b.b.e.GlobalExceptionHandler - Unexpected error occured at path: /api/accounts/ACC-Deep-003/withdraw
org.springframework.dao.DataIntegrityViolationException: PreparedStatementCallback; SQL [Insert into transactions (id, type,from_account,to_account ,amount,currency,status,idempotency_key,created_at,response_cache,error_message,completed_at)
values (?,?,?,?,?,?,?,?,?,?,?,?)
]; ERROR: null value in column "idempotency_key" of relation "transactions" violates not-null constraint
  Detail: Failing row contains (a74c568c-cdcb-4d2c-80c6-f334d8049d6f, WITHDRAW, ACC-Deep-003, null, 50.0000, USD, COMMITTED, null, 2026-07-28 12:30:38.735598, 2026-07-28 12:30:38.735567, Success, none).
	at org.springframework.jdbc.support.SQLStateSQLExceptionTranslator.doTranslate(SQLStateSQLExceptionTranslator.java:140)
	at org.springframework.jdbc.support.AbstractFallbackSQLExceptionTranslator.translate(AbstractFallbackSQLExceptionTranslator.java:102)
	at org.springframework.jdbc.support.AbstractFallbackSQLExceptionTranslator.translate(AbstractFallbackSQLExceptionTranslator.java:111)
	at org.springframework.jdbc.core.JdbcTemplate.translateException(JdbcTemplate.java:1549)
	at org.springframework.jdbc.core.JdbcTemplate.execute(JdbcTemplate.java:689)
	at org.springframework.jdbc.core.JdbcTemplate.update(JdbcTemplate.java:966)
	at org.springframework.jdbc.core.JdbcTemplate.update(JdbcTemplate.java:1010)
	at org.springframework.jdbc.core.JdbcTemplate.update(JdbcTemplate.java:1020)
	at com.bank.banking_api.persistence.JdbcTransactionRepository.save(JdbcTransactionRepository.java:55)
	at java.base/jdk.internal.reflect.DirectMethodHandleAccessor.invoke(DirectMethodHandleAccessor.java:104)
	at java.base/java.lang.reflect.Method.invoke(Method.java:565)
	at org.springframework.aop.support.AopUtils.invokeJoinpointUsingReflection(AopUtils.java:359)
	at org.springframework.aop.framework.ReflectiveMethodInvocation.invokeJoinpoint(ReflectiveMethodInvocation.java:190)
	at org.springframework.aop.framework.ReflectiveMethodInvocation.proceed(ReflectiveMethodInvocation.java:158)
	at org.springframework.dao.support.PersistenceExceptionTranslationInterceptor.invoke(PersistenceExceptionTranslationInterceptor.java:135)
	at org.springframework.aop.framework.ReflectiveMethodInvocation.proceed(ReflectiveMethodInvocation.java:179)
	at org.springframework.aop.framework.CglibAopProxy$DynamicAdvisedInterceptor.intercept(CglibAopProxy.java:719)
	at com.bank.banking_api.persistence.JdbcTransactionRepository$$SpringCGLIB$$0.save(<generated>)
	at com.bank.banking_api.service.AccountService.withdraw(AccountService.java:129)
	at java.base/jdk.internal.reflect.DirectMethodHandleAccessor.invoke(DirectMethodHandleAccessor.java:104)
	at java.base/java.lang.reflect.Method.invoke(Method.java:565)
	at org.springframework.aop.support.AopUtils.invokeJoinpointUsingReflection(AopUtils.java:359)
	at org.springframework.aop.framework.ReflectiveMethodInvocation.invokeJoinpoint(ReflectiveMethodInvocation.java:190)
	at org.springframework.aop.framework.ReflectiveMethodInvocation.proceed(ReflectiveMethodInvocation.java:158)
	at org.springframework.aop.aspectj.MethodInvocationProceedingJoinPoint.proceed(MethodInvocationProceedingJoinPoint.java:82)
	at com.bank.banking_api.aspect.AuditAspect.audit(AuditAspect.java:80)
	at java.base/jdk.internal.reflect.DirectMethodHandleAccessor.invoke(DirectMethodHandleAccessor.java:104)
	at java.base/java.lang.reflect.Method.invoke(Method.java:565)
	at org.springframework.aop.aspectj.AbstractAspectJAdvice.invokeAdviceMethodWithGivenArgs(AbstractAspectJAdvice.java:648)
	at org.springframework.aop.aspectj.AbstractAspectJAdvice.invokeAdviceMethod(AbstractAspectJAdvice.java:630)
	at org.springframework.aop.aspectj.AspectJAroundAdvice.invoke(AspectJAroundAdvice.java:70)
	at org.springframework.aop.framework.ReflectiveMethodInvocation.proceed(ReflectiveMethodInvocation.java:168)
	at org.springframework.transaction.interceptor.TransactionInterceptor$1.proceedWithInvocation(TransactionInterceptor.java:133)
	at org.springframework.transaction.interceptor.TransactionAspectSupport.invokeWithinTransaction(TransactionAspectSupport.java:371)
	at org.springframework.transaction.interceptor.TransactionInterceptor.invoke(TransactionInterceptor.java:130)
	at org.springframework.aop.framework.ReflectiveMethodInvocation.proceed(ReflectiveMethodInvocation.java:179)
	at org.springframework.aop.interceptor.ExposeInvocationInterceptor.invoke(ExposeInvocationInterceptor.java:96)
	at org.springframework.aop.framework.ReflectiveMethodInvocation.proceed(ReflectiveMethodInvocation.java:179)
	at org.springframework.aop.framework.CglibAopProxy$DynamicAdvisedInterceptor.intercept(CglibAopProxy.java:719)
	at com.bank.banking_api.service.AccountService$$SpringCGLIB$$0.withdraw(<generated>)
	at com.bank.banking_api.controller.AccountController.withdraw(AccountController.java:110)
	at java.base/jdk.internal.reflect.DirectMethodHandleAccessor.invoke(DirectMethodHandleAccessor.java:104)
	at java.base/java.lang.reflect.Method.invoke(Method.java:565)
	at org.springframework.web.method.support.InvocableHandlerMethod.doInvoke(InvocableHandlerMethod.java:252)
	at org.springframework.web.method.support.InvocableHandlerMethod.invokeForRequest(InvocableHandlerMethod.java:184)
	at org.springframework.web.servlet.mvc.method.annotation.ServletInvocableHandlerMethod.invokeAndHandle(ServletInvocableHandlerMethod.java:117)
	at org.springframework.web.servlet.mvc.method.annotation.RequestMappingHandlerAdapter.invokeHandlerMethod(RequestMappingHandlerAdapter.java:934)
	at org.springframework.web.servlet.mvc.method.annotation.RequestMappingHandlerAdapter.handleInternal(RequestMappingHandlerAdapter.java:853)
	at org.springframework.web.servlet.mvc.method.AbstractHandlerMethodAdapter.handle(AbstractHandlerMethodAdapter.java:86)
	at org.springframework.web.servlet.DispatcherServlet.doDispatch(DispatcherServlet.java:963)
	at org.springframework.web.servlet.DispatcherServlet.doService(DispatcherServlet.java:866)
	at org.springframework.web.servlet.FrameworkServlet.processRequest(FrameworkServlet.java:1000)
	at org.springframework.web.servlet.FrameworkServlet.doPost(FrameworkServlet.java:903)
	at jakarta.servlet.http.HttpServlet.service(HttpServlet.java:649)
	at org.springframework.web.servlet.FrameworkServlet.service(FrameworkServlet.java:874)
	at jakarta.servlet.http.HttpServlet.service(HttpServlet.java:710)
	at org.apache.catalina.core.ApplicationFilterChain.doFilter(ApplicationFilterChain.java:128)
	at org.apache.tomcat.websocket.server.WsFilter.doFilter(WsFilter.java:53)
	at org.apache.catalina.core.ApplicationFilterChain.doFilter(ApplicationFilterChain.java:107)
	at org.springframework.web.filter.OncePerRequestFilter.doFilter(OncePerRequestFilter.java:110)
	at org.apache.catalina.core.ApplicationFilterChain.doFilter(ApplicationFilterChain.java:107)
	at org.springframework.web.filter.OncePerRequestFilter.doFilter(OncePerRequestFilter.java:110)
	at org.apache.catalina.core.ApplicationFilterChain.doFilter(ApplicationFilterChain.java:107)
	at org.springframework.web.filter.CompositeFilter$VirtualFilterChain.doFilter(CompositeFilter.java:108)
	at org.springframework.security.web.FilterChainProxy.lambda$doFilterInternal$2(FilterChainProxy.java:235)
	at org.springframework.security.web.ObservationFilterChainDecorator$FilterObservation$SimpleFilterObservation.lambda$wrap$1(ObservationFilterChainDecorator.java:491)
	at org.springframework.security.web.ObservationFilterChainDecorator$AroundFilterObservation$SimpleAroundFilterObservation.lambda$wrap$1(ObservationFilterChainDecorator.java:353)
	at org.springframework.security.web.ObservationFilterChainDecorator.lambda$wrapSecured$0(ObservationFilterChainDecorator.java:84)
	at org.springframework.security.web.ObservationFilterChainDecorator$VirtualFilterChain.doFilter(ObservationFilterChainDecorator.java:131)
	at org.springframework.security.web.access.intercept.AuthorizationFilter.doFilter(AuthorizationFilter.java:101)
	at org.springframework.security.web.ObservationFilterChainDecorator$ObservationFilter.wrapFilter(ObservationFilterChainDecorator.java:243)
	at org.springframework.security.web.ObservationFilterChainDecorator$ObservationFilter.doFilter(ObservationFilterChainDecorator.java:230)
	at org.springframework.security.web.ObservationFilterChainDecorator$VirtualFilterChain.doFilter(ObservationFilterChainDecorator.java:140)
	at org.springframework.security.web.access.ExceptionTranslationFilter.doFilter(ExceptionTranslationFilter.java:126)
	at org.springframework.security.web.access.ExceptionTranslationFilter.doFilter(ExceptionTranslationFilter.java:120)
	at org.springframework.security.web.ObservationFilterChainDecorator$ObservationFilter.wrapFilter(ObservationFilterChainDecorator.java:243)
	at org.springframework.security.web.ObservationFilterChainDecorator$ObservationFilter.doFilter(ObservationFilterChainDecorator.java:230)
	at org.springframework.security.web.ObservationFilterChainDecorator$VirtualFilterChain.doFilter(ObservationFilterChainDecorator.java:140)
	at org.springframework.security.web.session.SessionManagementFilter.doFilter(SessionManagementFilter.java:132)
	at org.springframework.security.web.session.SessionManagementFilter.doFilter(SessionManagementFilter.java:86)
	at org.springframework.security.web.ObservationFilterChainDecorator$ObservationFilter.wrapFilter(ObservationFilterChainDecorator.java:243)
	at org.springframework.security.web.ObservationFilterChainDecorator$ObservationFilter.doFilter(ObservationFilterChainDecorator.java:230)
	at org.springframework.security.web.ObservationFilterChainDecorator$VirtualFilterChain.doFilter(ObservationFilterChainDecorator.java:140)
	at org.springframework.security.web.authentication.AnonymousAuthenticationFilter.doFilter(AnonymousAuthenticationFilter.java:100)
	at org.springframework.security.web.ObservationFilterChainDecorator$ObservationFilter.wrapFilter(ObservationFilterChainDecorator.java:243)
	at org.springframework.security.web.ObservationFilterChainDecorator$ObservationFilter.doFilter(ObservationFilterChainDecorator.java:230)
	at org.springframework.security.web.ObservationFilterChainDecorator$VirtualFilterChain.doFilter(ObservationFilterChainDecorator.java:140)
	at org.springframework.security.web.servletapi.SecurityContextHolderAwareRequestFilter.doFilter(SecurityContextHolderAwareRequestFilter.java:181)
	at org.springframework.security.web.ObservationFilterChainDecorator$ObservationFilter.wrapFilter(ObservationFilterChainDecorator.java:243)
	at org.springframework.security.web.ObservationFilterChainDecorator$ObservationFilter.doFilter(ObservationFilterChainDecorator.java:230)
	at org.springframework.security.web.ObservationFilterChainDecorator$VirtualFilterChain.doFilter(ObservationFilterChainDecorator.java:140)
	at org.springframework.security.web.savedrequest.RequestCacheAwareFilter.doFilter(RequestCacheAwareFilter.java:63)
	at org.springframework.security.web.ObservationFilterChainDecorator$ObservationFilter.wrapFilter(ObservationFilterChainDecorator.java:243)
	at org.springframework.security.web.ObservationFilterChainDecorator$ObservationFilter.doFilter(ObservationFilterChainDecorator.java:230)
	at org.springframework.security.web.ObservationFilterChainDecorator$VirtualFilterChain.doFilter(ObservationFilterChainDecorator.java:140)
	at com.bank.banking_api.config.JwtAuthenticationFilter.doFilterInternal(JwtAuthenticationFilter.java:53)
	at org.springframework.web.filter.OncePerRequestFilter.doFilter(OncePerRequestFilter.java:116)
	at org.springframework.security.web.ObservationFilterChainDecorator$ObservationFilter.wrapFilter(ObservationFilterChainDecorator.java:243)
	at org.springframework.security.web.ObservationFilterChainDecorator$ObservationFilter.doFilter(ObservationFilterChainDecorator.java:230)
	at org.springframework.security.web.ObservationFilterChainDecorator$VirtualFilterChain.doFilter(ObservationFilterChainDecorator.java:140)
	at com.bank.banking_api.config.RateLimiterFilter.doFilterInternal(RateLimiterFilter.java:38)
	at org.springframework.web.filter.OncePerRequestFilter.doFilter(OncePerRequestFilter.java:116)
	at org.springframework.security.web.ObservationFilterChainDecorator$ObservationFilter.wrapFilter(ObservationFilterChainDecorator.java:243)
	at org.springframework.security.web.ObservationFilterChainDecorator$ObservationFilter.doFilter(ObservationFilterChainDecorator.java:230)
	at org.springframework.security.web.ObservationFilterChainDecorator$VirtualFilterChain.doFilter(ObservationFilterChainDecorator.java:140)
	at org.springframework.security.web.authentication.logout.LogoutFilter.doFilter(LogoutFilter.java:110)
	at org.springframework.security.web.authentication.logout.LogoutFilter.doFilter(LogoutFilter.java:96)
	at org.springframework.security.web.ObservationFilterChainDecorator$ObservationFilter.wrapFilter(ObservationFilterChainDecorator.java:243)
	at org.springframework.security.web.ObservationFilterChainDecorator$ObservationFilter.doFilter(ObservationFilterChainDecorator.java:230)
	at org.springframework.security.web.ObservationFilterChainDecorator$VirtualFilterChain.doFilter(ObservationFilterChainDecorator.java:140)
	at org.springframework.security.web.header.HeaderWriterFilter.doHeadersAfter(HeaderWriterFilter.java:90)
	at org.springframework.security.web.header.HeaderWriterFilter.doFilterInternal(HeaderWriterFilter.java:75)
	at org.springframework.web.filter.OncePerRequestFilter.doFilter(OncePerRequestFilter.java:116)
	at org.springframework.security.web.ObservationFilterChainDecorator$ObservationFilter.wrapFilter(ObservationFilterChainDecorator.java:243)
	at org.springframework.security.web.ObservationFilterChainDecorator$ObservationFilter.doFilter(ObservationFilterChainDecorator.java:230)
	at org.springframework.security.web.ObservationFilterChainDecorator$VirtualFilterChain.doFilter(ObservationFilterChainDecorator.java:140)
	at org.springframework.security.web.context.SecurityContextHolderFilter.doFilter(SecurityContextHolderFilter.java:82)
	at org.springframework.security.web.context.SecurityContextHolderFilter.doFilter(SecurityContextHolderFilter.java:69)
	at org.springframework.security.web.ObservationFilterChainDecorator$ObservationFilter.wrapFilter(ObservationFilterChainDecorator.java:243)
	at org.springframework.security.web.ObservationFilterChainDecorator$ObservationFilter.doFilter(ObservationFilterChainDecorator.java:230)
	at org.springframework.security.web.ObservationFilterChainDecorator$VirtualFilterChain.doFilter(ObservationFilterChainDecorator.java:140)
	at org.springframework.security.web.context.request.async.WebAsyncManagerIntegrationFilter.doFilterInternal(WebAsyncManagerIntegrationFilter.java:62)
	at org.springframework.web.filter.OncePerRequestFilter.doFilter(OncePerRequestFilter.java:116)
	at org.springframework.security.web.ObservationFilterChainDecorator$ObservationFilter.wrapFilter(ObservationFilterChainDecorator.java:243)
	at org.springframework.security.web.ObservationFilterChainDecorator$ObservationFilter.doFilter(ObservationFilterChainDecorator.java:230)
	at org.springframework.security.web.ObservationFilterChainDecorator$VirtualFilterChain.doFilter(ObservationFilterChainDecorator.java:140)
	at org.springframework.security.web.session.DisableEncodeUrlFilter.doFilterInternal(DisableEncodeUrlFilter.java:42)
	at org.springframework.web.filter.OncePerRequestFilter.doFilter(OncePerRequestFilter.java:116)
	at org.springframework.security.web.ObservationFilterChainDecorator$ObservationFilter.wrapFilter(ObservationFilterChainDecorator.java:243)
	at org.springframework.security.web.ObservationFilterChainDecorator$AroundFilterObservation$SimpleAroundFilterObservation.lambda$wrap$0(ObservationFilterChainDecorator.java:336)
	at org.springframework.security.web.ObservationFilterChainDecorator$ObservationFilter.doFilter(ObservationFilterChainDecorator.java:227)
	at org.springframework.security.web.ObservationFilterChainDecorator$VirtualFilterChain.doFilter(ObservationFilterChainDecorator.java:140)
	at org.springframework.security.web.FilterChainProxy.doFilterInternal(FilterChainProxy.java:237)
	at org.springframework.security.web.FilterChainProxy.doFilter(FilterChainProxy.java:195)
	at org.springframework.web.filter.CompositeFilter$VirtualFilterChain.doFilter(CompositeFilter.java:113)
	at org.springframework.web.filter.ServletRequestPathFilter.doFilter(ServletRequestPathFilter.java:52)
	at org.springframework.web.filter.CompositeFilter$VirtualFilterChain.doFilter(CompositeFilter.java:113)
	at org.springframework.web.filter.CompositeFilter.doFilter(CompositeFilter.java:74)
	at org.springframework.security.config.annotation.web.configuration.WebSecurityConfiguration$CompositeFilterChainProxy.doFilter(WebSecurityConfiguration.java:317)
	at org.springframework.web.filter.DelegatingFilterProxy.invokeDelegate(DelegatingFilterProxy.java:355)
	at org.springframework.web.filter.DelegatingFilterProxy.doFilter(DelegatingFilterProxy.java:272)
	at org.apache.catalina.core.ApplicationFilterChain.doFilter(ApplicationFilterChain.java:107)
	at org.springframework.web.filter.RequestContextFilter.doFilterInternal(RequestContextFilter.java:100)
	at org.springframework.web.filter.OncePerRequestFilter.doFilter(OncePerRequestFilter.java:116)
	at org.apache.catalina.core.ApplicationFilterChain.doFilter(ApplicationFilterChain.java:107)
	at org.springframework.web.filter.FormContentFilter.doFilterInternal(FormContentFilter.java:93)
	at org.springframework.web.filter.OncePerRequestFilter.doFilter(OncePerRequestFilter.java:116)
	at org.apache.catalina.core.ApplicationFilterChain.doFilter(ApplicationFilterChain.java:107)
	at org.springframework.web.filter.ServerHttpObservationFilter.doFilterInternal(ServerHttpObservationFilter.java:110)
	at org.springframework.web.filter.OncePerRequestFilter.doFilter(OncePerRequestFilter.java:116)
	at org.apache.catalina.core.ApplicationFilterChain.doFilter(ApplicationFilterChain.java:107)
	at org.springframework.web.filter.CharacterEncodingFilter.doFilterInternal(CharacterEncodingFilter.java:199)
	at org.springframework.web.filter.OncePerRequestFilter.doFilter(OncePerRequestFilter.java:116)
	at org.apache.catalina.core.ApplicationFilterChain.doFilter(ApplicationFilterChain.java:107)
	at com.bank.banking_api.config.RequestLoggingFilter.doFilterInternal(RequestLoggingFilter.java:43)
	at org.springframework.web.filter.OncePerRequestFilter.doFilter(OncePerRequestFilter.java:116)
	at org.apache.catalina.core.ApplicationFilterChain.doFilter(ApplicationFilterChain.java:107)
	at org.apache.catalina.core.StandardWrapperValve.invoke(StandardWrapperValve.java:165)
	at org.apache.catalina.core.StandardContextValve.invoke(StandardContextValve.java:77)
	at org.apache.catalina.authenticator.AuthenticatorBase.invoke(AuthenticatorBase.java:492)
	at org.apache.catalina.core.StandardHostValve.invoke(StandardHostValve.java:113)
	at org.apache.catalina.valves.ErrorReportValve.invoke(ErrorReportValve.java:83)
	at org.apache.catalina.core.StandardEngineValve.invoke(StandardEngineValve.java:72)
	at org.apache.catalina.connector.CoyoteAdapter.service(CoyoteAdapter.java:341)
	at org.apache.coyote.http11.Http11Processor.service(Http11Processor.java:397)
	at org.apache.coyote.AbstractProcessorLight.process(AbstractProcessorLight.java:63)
	at org.apache.coyote.AbstractProtocol$ConnectionHandler.process(AbstractProtocol.java:1272)
	at org.apache.tomcat.util.net.NioEndpoint$SocketProcessor.doRun(NioEndpoint.java:1801)
	at org.apache.tomcat.util.net.SocketProcessorBase.run(SocketProcessorBase.java:52)
	at org.apache.tomcat.util.threads.ThreadPoolExecutor.runWorker(ThreadPoolExecutor.java:946)
	at org.apache.tomcat.util.threads.ThreadPoolExecutor$Worker.run(ThreadPoolExecutor.java:480)
	at org.apache.tomcat.util.threads.TaskThread$WrappingRunnable.run(TaskThread.java:57)
	at java.base/java.lang.Thread.run(Thread.java:1474)
Caused by: org.postgresql.util.PSQLException: ERROR: null value in column "idempotency_key" of relation "transactions" violates not-null constraint
  Detail: Failing row contains (a74c568c-cdcb-4d2c-80c6-f334d8049d6f, WITHDRAW, ACC-Deep-003, null, 50.0000, USD, COMMITTED, null, 2026-07-28 12:30:38.735598, 2026-07-28 12:30:38.735567, Success, none).
	at org.postgresql.core.v3.QueryExecutorImpl.receiveErrorResponse(QueryExecutorImpl.java:2904)
	at org.postgresql.core.v3.QueryExecutorImpl.processResults(QueryExecutorImpl.java:2589)
	at org.postgresql.core.v3.QueryExecutorImpl.execute(QueryExecutorImpl.java:431)
	at org.postgresql.jdbc.PgStatement.executeInternal(PgStatement.java:534)
	at org.postgresql.jdbc.PgStatement.execute(PgStatement.java:437)
	at org.postgresql.jdbc.PgPreparedStatement.executeWithFlags(PgPreparedStatement.java:196)
	at org.postgresql.jdbc.PgPreparedStatement.executeUpdate(PgPreparedStatement.java:157)
	at com.zaxxer.hikari.pool.ProxyPreparedStatement.executeUpdate(ProxyPreparedStatement.java:61)
	at com.zaxxer.hikari.pool.HikariProxyPreparedStatement.executeUpdate(HikariProxyPreparedStatement.java)
	at org.springframework.jdbc.core.JdbcTemplate.lambda$update$0(JdbcTemplate.java:971)
	at org.springframework.jdbc.core.JdbcTemplate.execute(JdbcTemplate.java:670)
	... 168 common frames omitted
2026-07-28 12:36:47.776 [NO-ID] [SpringApplicationShutdownHook] INFO  o.s.boot.tomcat.GracefulShutdown - Commencing graceful shutdown. Waiting for active requests to complete
2026-07-28 12:36:47.786 [NO-ID] [tomcat-shutdown] INFO  o.s.boot.tomcat.GracefulShutdown - Graceful shutdown complete
2026-07-28 12:36:47.806 [NO-ID] [SpringApplicationShutdownHook] INFO  com.zaxxer.hikari.HikariDataSource - BankHikariPool - Shutdown initiated...
2026-07-28 12:36:47.815 [NO-ID] [SpringApplicationShutdownHook] INFO  com.zaxxer.hikari.HikariDataSource - BankHikariPool - Shutdown completed.
2026-07-28 12:36:55.131 [NO-ID] [main] INFO  c.b.b.BankingApiApplication - Starting BankingApiApplication using Java 25.0.3 with PID 7845 (/home/sandy/projects/banking-api/target/classes started by sandy in /home/sandy/projects/banking-api)
2026-07-28 12:36:55.134 [NO-ID] [main] DEBUG c.b.b.BankingApiApplication - Running with Spring Boot v4.1.0, Spring v7.0.8
2026-07-28 12:36:55.135 [NO-ID] [main] INFO  c.b.b.BankingApiApplication - No active profile set, falling back to 1 default profile: "default"
2026-07-28 12:36:56.628 [NO-ID] [main] INFO  o.s.boot.tomcat.TomcatWebServer - Tomcat initialized with port 8080 (http)
2026-07-28 12:36:56.652 [NO-ID] [main] INFO  o.a.catalina.core.StandardService - Starting service [Tomcat]
2026-07-28 12:36:56.652 [NO-ID] [main] INFO  o.a.catalina.core.StandardEngine - Starting Servlet engine: [Apache Tomcat/11.0.22]
2026-07-28 12:36:56.712 [NO-ID] [main] INFO  o.s.b.w.c.s.WebApplicationContextInitializer - Root WebApplicationContext: initialization completed in 1524 ms
2026-07-28 12:36:56.981 [NO-ID] [main] DEBUG c.b.b.config.JwtAuthenticationFilter - Filter 'jwtAuthenticationFilter' configured for use
2026-07-28 12:36:56.982 [NO-ID] [main] DEBUG c.b.b.config.RequestLoggingFilter - Filter 'requestLoggingFilter' configured for use
2026-07-28 12:36:56.982 [NO-ID] [main] DEBUG c.b.b.config.RateLimiterFilter - Filter 'rateLimiterFilter' configured for use
2026-07-28 12:36:57.239 [NO-ID] [main] INFO  o.s.s.c.a.a.c.InitializeUserDetailsBeanManagerConfigurer$InitializeUserDetailsManagerConfigurer - Global AuthenticationManager configured with UserDetailsService bean with name customUserDetailsService
2026-07-28 12:36:58.074 [NO-ID] [main] INFO  o.s.b.a.e.web.EndpointLinksResolver - Exposing 2 endpoints beneath base path '/actuator'
2026-07-28 12:36:58.145 [NO-ID] [main] INFO  o.s.boot.tomcat.TomcatWebServer - Tomcat started on port 8080 (http) with context path '/'
2026-07-28 12:36:58.152 [NO-ID] [main] INFO  c.b.b.BankingApiApplication - Started BankingApiApplication in 3.907 seconds (process running for 4.363)
2026-07-28 12:37:05.349 [NO-ID] [http-nio-8080-exec-2] INFO  o.a.c.c.C.[Tomcat].[localhost].[/] - Initializing Spring DispatcherServlet 'dispatcherServlet'
2026-07-28 12:37:05.350 [NO-ID] [http-nio-8080-exec-2] INFO  o.s.web.servlet.DispatcherServlet - Initializing Servlet 'dispatcherServlet'
2026-07-28 12:37:05.351 [NO-ID] [http-nio-8080-exec-2] INFO  o.s.web.servlet.DispatcherServlet - Completed initialization in 1 ms
2026-07-28 12:37:05.475 [NO-ID] [http-nio-8080-exec-2] DEBUG o.s.jdbc.core.JdbcTemplate - Executing prepared SQL query
2026-07-28 12:37:05.475 [NO-ID] [http-nio-8080-exec-2] DEBUG o.s.jdbc.core.JdbcTemplate - Executing prepared SQL statement [SELECT * FROM users WHERE id = ?]
2026-07-28 12:37:05.477 [NO-ID] [http-nio-8080-exec-2] DEBUG o.s.jdbc.datasource.DataSourceUtils - Fetching JDBC Connection from DataSource
2026-07-28 12:37:05.477 [NO-ID] [http-nio-8080-exec-2] INFO  com.zaxxer.hikari.HikariDataSource - BankHikariPool - Starting...
2026-07-28 12:37:05.760 [NO-ID] [http-nio-8080-exec-2] INFO  com.zaxxer.hikari.pool.HikariPool - BankHikariPool - Added connection org.postgresql.jdbc.PgConnection@16ce1114
2026-07-28 12:37:05.762 [NO-ID] [http-nio-8080-exec-2] INFO  com.zaxxer.hikari.HikariDataSource - BankHikariPool - Start completed.
2026-07-28 12:37:05.868 [NO-ID] [http-nio-8080-exec-2] DEBUG o.s.j.support.JdbcTransactionManager - Creating new transaction with name [com.bank.banking_api.service.AccountService.withdraw]: PROPAGATION_REQUIRED,ISOLATION_DEFAULT
2026-07-28 12:37:05.869 [NO-ID] [http-nio-8080-exec-2] DEBUG o.s.j.support.JdbcTransactionManager - Acquired Connection [HikariProxyConnection@500700796 wrapping org.postgresql.jdbc.PgConnection@16ce1114] for JDBC transaction
2026-07-28 12:37:05.870 [NO-ID] [http-nio-8080-exec-2] DEBUG o.s.j.support.JdbcTransactionManager - Switching JDBC Connection [HikariProxyConnection@500700796 wrapping org.postgresql.jdbc.PgConnection@16ce1114] to manual commit
2026-07-28 12:37:05.874 [NO-ID] [http-nio-8080-exec-2] DEBUG o.s.jdbc.core.JdbcTemplate - Executing prepared SQL query
2026-07-28 12:37:05.874 [NO-ID] [http-nio-8080-exec-2] DEBUG o.s.jdbc.core.JdbcTemplate - Executing prepared SQL statement [Select * from accounts where account_number = ?]
2026-07-28 12:37:05.898 [NO-ID] [http-nio-8080-exec-2] DEBUG o.s.jdbc.core.JdbcTemplate - Executing prepared SQL query
2026-07-28 12:37:05.898 [NO-ID] [http-nio-8080-exec-2] DEBUG o.s.jdbc.core.JdbcTemplate - Executing prepared SQL statement [Select * from accounts where account_number = ?]
2026-07-28 12:37:05.900 [NO-ID] [http-nio-8080-exec-2] DEBUG o.s.jdbc.core.JdbcTemplate - Executing prepared SQL query
2026-07-28 12:37:05.901 [NO-ID] [http-nio-8080-exec-2] DEBUG o.s.jdbc.core.JdbcTemplate - Executing prepared SQL statement [Select * from transactions where idempotency_key=?]
2026-07-28 12:37:05.902 [NO-ID] [http-nio-8080-exec-2] DEBUG o.s.j.support.JdbcTransactionManager - Participating in existing transaction
2026-07-28 12:37:05.902 [NO-ID] [http-nio-8080-exec-2] DEBUG o.s.jdbc.core.JdbcTemplate - Executing prepared SQL update
2026-07-28 12:37:05.903 [NO-ID] [http-nio-8080-exec-2] DEBUG o.s.jdbc.core.JdbcTemplate - Executing prepared SQL statement [Update accounts SET balance_amount=?,updated_at=? where account_number=?]
2026-07-28 12:37:05.905 [NO-ID] [http-nio-8080-exec-2] DEBUG o.s.jdbc.core.JdbcTemplate - Executing prepared SQL update
2026-07-28 12:37:05.906 [NO-ID] [http-nio-8080-exec-2] DEBUG o.s.jdbc.core.JdbcTemplate - Executing prepared SQL statement [Insert into transactions (id, type,from_account,to_account ,amount,currency,status,idempotency_key,created_at,response_cache,error_message,completed_at)
values (?,?,?,?,?,?,?,?,?,?,?,?)
]
2026-07-28 12:37:05.911 [NO-ID] [http-nio-8080-exec-2] DEBUG o.s.jdbc.core.JdbcTemplate - Executing prepared SQL query
2026-07-28 12:37:05.911 [NO-ID] [http-nio-8080-exec-2] DEBUG o.s.jdbc.core.JdbcTemplate - Executing prepared SQL statement [Select * from accounts where account_number = ?]
2026-07-28 12:37:05.914 [NO-ID] [http-nio-8080-exec-2] DEBUG o.s.j.support.JdbcTransactionManager - Initiating transaction commit
2026-07-28 12:37:05.915 [NO-ID] [http-nio-8080-exec-2] DEBUG o.s.j.support.JdbcTransactionManager - Committing JDBC transaction on Connection [HikariProxyConnection@500700796 wrapping org.postgresql.jdbc.PgConnection@16ce1114]
2026-07-28 12:37:05.920 [NO-ID] [http-nio-8080-exec-2] DEBUG o.s.jdbc.core.JdbcTemplate - Executing prepared SQL update
2026-07-28 12:37:05.921 [NO-ID] [http-nio-8080-exec-2] DEBUG o.s.jdbc.core.JdbcTemplate - Executing prepared SQL statement [insert into audit_logs (id,transaction_id,actor_id,action,details,timestamp)
values(?,?,?,?,?::jsonb,?)
]
2026-07-28 12:37:05.926 [NO-ID] [http-nio-8080-exec-2] DEBUG o.s.j.support.JdbcTransactionManager - Releasing JDBC Connection [HikariProxyConnection@500700796 wrapping org.postgresql.jdbc.PgConnection@16ce1114] after transaction
2026-07-28 12:37:41.831 [NO-ID] [http-nio-8080-exec-3] ERROR o.a.c.c.C.[.[.[.[dispatcherServlet] - Servlet.service() for servlet [dispatcherServlet] in context with path [] threw exception
com.bank.banking_api.exception.JwtTokenExpiredException: Jwt token has expired
	at com.bank.banking_api.security.JwtTokenProvider.extractAllClaimsFromToken(JwtTokenProvider.java:67)
	at com.bank.banking_api.security.JwtTokenProvider.getUserIdFromToken(JwtTokenProvider.java:74)
	at com.bank.banking_api.config.JwtAuthenticationFilter.doFilterInternal(JwtAuthenticationFilter.java:42)
	at org.springframework.web.filter.OncePerRequestFilter.doFilter(OncePerRequestFilter.java:116)
	at org.springframework.security.web.ObservationFilterChainDecorator$ObservationFilter.wrapFilter(ObservationFilterChainDecorator.java:243)
	at org.springframework.security.web.ObservationFilterChainDecorator$ObservationFilter.doFilter(ObservationFilterChainDecorator.java:230)
	at org.springframework.security.web.ObservationFilterChainDecorator$VirtualFilterChain.doFilter(ObservationFilterChainDecorator.java:140)
	at com.bank.banking_api.config.RateLimiterFilter.doFilterInternal(RateLimiterFilter.java:38)
	at org.springframework.web.filter.OncePerRequestFilter.doFilter(OncePerRequestFilter.java:116)
	at org.springframework.security.web.ObservationFilterChainDecorator$ObservationFilter.wrapFilter(ObservationFilterChainDecorator.java:243)
	at org.springframework.security.web.ObservationFilterChainDecorator$ObservationFilter.doFilter(ObservationFilterChainDecorator.java:230)
	at org.springframework.security.web.ObservationFilterChainDecorator$VirtualFilterChain.doFilter(ObservationFilterChainDecorator.java:140)
	at org.springframework.security.web.authentication.logout.LogoutFilter.doFilter(LogoutFilter.java:110)
	at org.springframework.security.web.authentication.logout.LogoutFilter.doFilter(LogoutFilter.java:96)
	at org.springframework.security.web.ObservationFilterChainDecorator$ObservationFilter.wrapFilter(ObservationFilterChainDecorator.java:243)
	at org.springframework.security.web.ObservationFilterChainDecorator$ObservationFilter.doFilter(ObservationFilterChainDecorator.java:230)
	at org.springframework.security.web.ObservationFilterChainDecorator$VirtualFilterChain.doFilter(ObservationFilterChainDecorator.java:140)
	at org.springframework.security.web.header.HeaderWriterFilter.doHeadersAfter(HeaderWriterFilter.java:90)
	at org.springframework.security.web.header.HeaderWriterFilter.doFilterInternal(HeaderWriterFilter.java:75)
	at org.springframework.web.filter.OncePerRequestFilter.doFilter(OncePerRequestFilter.java:116)
	at org.springframework.security.web.ObservationFilterChainDecorator$ObservationFilter.wrapFilter(ObservationFilterChainDecorator.java:243)
	at org.springframework.security.web.ObservationFilterChainDecorator$ObservationFilter.doFilter(ObservationFilterChainDecorator.java:230)
	at org.springframework.security.web.ObservationFilterChainDecorator$VirtualFilterChain.doFilter(ObservationFilterChainDecorator.java:140)
	at org.springframework.security.web.context.SecurityContextHolderFilter.doFilter(SecurityContextHolderFilter.java:82)
	at org.springframework.security.web.context.SecurityContextHolderFilter.doFilter(SecurityContextHolderFilter.java:69)
	at org.springframework.security.web.ObservationFilterChainDecorator$ObservationFilter.wrapFilter(ObservationFilterChainDecorator.java:243)
	at org.springframework.security.web.ObservationFilterChainDecorator$ObservationFilter.doFilter(ObservationFilterChainDecorator.java:230)
	at org.springframework.security.web.ObservationFilterChainDecorator$VirtualFilterChain.doFilter(ObservationFilterChainDecorator.java:140)
	at org.springframework.security.web.context.request.async.WebAsyncManagerIntegrationFilter.doFilterInternal(WebAsyncManagerIntegrationFilter.java:62)
	at org.springframework.web.filter.OncePerRequestFilter.doFilter(OncePerRequestFilter.java:116)
	at org.springframework.security.web.ObservationFilterChainDecorator$ObservationFilter.wrapFilter(ObservationFilterChainDecorator.java:243)
	at org.springframework.security.web.ObservationFilterChainDecorator$ObservationFilter.doFilter(ObservationFilterChainDecorator.java:230)
	at org.springframework.security.web.ObservationFilterChainDecorator$VirtualFilterChain.doFilter(ObservationFilterChainDecorator.java:140)
	at org.springframework.security.web.session.DisableEncodeUrlFilter.doFilterInternal(DisableEncodeUrlFilter.java:42)
	at org.springframework.web.filter.OncePerRequestFilter.doFilter(OncePerRequestFilter.java:116)
	at org.springframework.security.web.ObservationFilterChainDecorator$ObservationFilter.wrapFilter(ObservationFilterChainDecorator.java:243)
	at org.springframework.security.web.ObservationFilterChainDecorator$AroundFilterObservation$SimpleAroundFilterObservation.lambda$wrap$0(ObservationFilterChainDecorator.java:336)
	at org.springframework.security.web.ObservationFilterChainDecorator$ObservationFilter.doFilter(ObservationFilterChainDecorator.java:227)
	at org.springframework.security.web.ObservationFilterChainDecorator$VirtualFilterChain.doFilter(ObservationFilterChainDecorator.java:140)
	at org.springframework.security.web.FilterChainProxy.doFilterInternal(FilterChainProxy.java:237)
	at org.springframework.security.web.FilterChainProxy.doFilter(FilterChainProxy.java:195)
	at org.springframework.web.filter.CompositeFilter$VirtualFilterChain.doFilter(CompositeFilter.java:113)
	at org.springframework.web.filter.ServletRequestPathFilter.doFilter(ServletRequestPathFilter.java:52)
	at org.springframework.web.filter.CompositeFilter$VirtualFilterChain.doFilter(CompositeFilter.java:113)
	at org.springframework.web.filter.CompositeFilter.doFilter(CompositeFilter.java:74)
	at org.springframework.security.config.annotation.web.configuration.WebSecurityConfiguration$CompositeFilterChainProxy.doFilter(WebSecurityConfiguration.java:317)
	at org.springframework.web.filter.DelegatingFilterProxy.invokeDelegate(DelegatingFilterProxy.java:355)
	at org.springframework.web.filter.DelegatingFilterProxy.doFilter(DelegatingFilterProxy.java:272)
	at org.apache.catalina.core.ApplicationFilterChain.doFilter(ApplicationFilterChain.java:107)
	at org.springframework.web.filter.RequestContextFilter.doFilterInternal(RequestContextFilter.java:100)
	at org.springframework.web.filter.OncePerRequestFilter.doFilter(OncePerRequestFilter.java:116)
	at org.apache.catalina.core.ApplicationFilterChain.doFilter(ApplicationFilterChain.java:107)
	at org.springframework.web.filter.FormContentFilter.doFilterInternal(FormContentFilter.java:93)
	at org.springframework.web.filter.OncePerRequestFilter.doFilter(OncePerRequestFilter.java:116)
	at org.apache.catalina.core.ApplicationFilterChain.doFilter(ApplicationFilterChain.java:107)
	at org.springframework.web.filter.ServerHttpObservationFilter.doFilterInternal(ServerHttpObservationFilter.java:110)
	at org.springframework.web.filter.OncePerRequestFilter.doFilter(OncePerRequestFilter.java:116)
	at org.apache.catalina.core.ApplicationFilterChain.doFilter(ApplicationFilterChain.java:107)
	at org.springframework.web.filter.CharacterEncodingFilter.doFilterInternal(CharacterEncodingFilter.java:199)
	at org.springframework.web.filter.OncePerRequestFilter.doFilter(OncePerRequestFilter.java:116)
	at org.apache.catalina.core.ApplicationFilterChain.doFilter(ApplicationFilterChain.java:107)
	at com.bank.banking_api.config.RequestLoggingFilter.doFilterInternal(RequestLoggingFilter.java:43)
	at org.springframework.web.filter.OncePerRequestFilter.doFilter(OncePerRequestFilter.java:116)
	at org.apache.catalina.core.ApplicationFilterChain.doFilter(ApplicationFilterChain.java:107)
	at org.apache.catalina.core.StandardWrapperValve.invoke(StandardWrapperValve.java:165)
	at org.apache.catalina.core.StandardContextValve.invoke(StandardContextValve.java:77)
	at org.apache.catalina.authenticator.AuthenticatorBase.invoke(AuthenticatorBase.java:492)
	at org.apache.catalina.core.StandardHostValve.invoke(StandardHostValve.java:113)
	at org.apache.catalina.valves.ErrorReportValve.invoke(ErrorReportValve.java:83)
	at org.apache.catalina.core.StandardEngineValve.invoke(StandardEngineValve.java:72)
	at org.apache.catalina.connector.CoyoteAdapter.service(CoyoteAdapter.java:341)
	at org.apache.coyote.http11.Http11Processor.service(Http11Processor.java:397)
	at org.apache.coyote.AbstractProcessorLight.process(AbstractProcessorLight.java:63)
	at org.apache.coyote.AbstractProtocol$ConnectionHandler.process(AbstractProtocol.java:1272)
	at org.apache.tomcat.util.net.NioEndpoint$SocketProcessor.doRun(NioEndpoint.java:1801)
	at org.apache.tomcat.util.net.SocketProcessorBase.run(SocketProcessorBase.java:52)
	at org.apache.tomcat.util.threads.ThreadPoolExecutor.runWorker(ThreadPoolExecutor.java:946)
	at org.apache.tomcat.util.threads.ThreadPoolExecutor$Worker.run(ThreadPoolExecutor.java:480)
	at org.apache.tomcat.util.threads.TaskThread$WrappingRunnable.run(TaskThread.java:57)
	at java.base/java.lang.Thread.run(Thread.java:1474)
2026-07-28 12:37:41.877 [NO-ID] [http-nio-8080-exec-3] WARN  SecurityAudit - Authentication failed for path /error: Full authentication is required to access this resource
2026-07-28 12:48:16.033 [NO-ID] [http-nio-8080-exec-6] DEBUG o.s.jdbc.core.JdbcTemplate - Executing prepared SQL query
2026-07-28 12:48:16.033 [NO-ID] [http-nio-8080-exec-6] DEBUG o.s.jdbc.core.JdbcTemplate - Executing prepared SQL statement [SELECT * FROM users WHERE username = ?]
2026-07-28 12:48:16.033 [NO-ID] [http-nio-8080-exec-6] DEBUG o.s.jdbc.datasource.DataSourceUtils - Fetching JDBC Connection from DataSource
2026-07-28 12:48:16.129 [NO-ID] [http-nio-8080-exec-6] DEBUG o.s.jdbc.core.JdbcTemplate - Executing prepared SQL query
2026-07-28 12:48:16.129 [NO-ID] [http-nio-8080-exec-6] DEBUG o.s.jdbc.core.JdbcTemplate - Executing prepared SQL statement [SELECT * FROM users WHERE username = ?]
2026-07-28 12:48:16.129 [NO-ID] [http-nio-8080-exec-6] DEBUG o.s.jdbc.datasource.DataSourceUtils - Fetching JDBC Connection from DataSource
2026-07-28 12:48:19.302 [NO-ID] [http-nio-8080-exec-7] ERROR o.a.c.c.C.[.[.[.[dispatcherServlet] - Servlet.service() for servlet [dispatcherServlet] in context with path [] threw exception
com.bank.banking_api.exception.JwtTokenExpiredException: Jwt token has expired
	at com.bank.banking_api.security.JwtTokenProvider.extractAllClaimsFromToken(JwtTokenProvider.java:67)
	at com.bank.banking_api.security.JwtTokenProvider.getUserIdFromToken(JwtTokenProvider.java:74)
	at com.bank.banking_api.config.JwtAuthenticationFilter.doFilterInternal(JwtAuthenticationFilter.java:42)
	at org.springframework.web.filter.OncePerRequestFilter.doFilter(OncePerRequestFilter.java:116)
	at org.springframework.security.web.ObservationFilterChainDecorator$ObservationFilter.wrapFilter(ObservationFilterChainDecorator.java:243)
	at org.springframework.security.web.ObservationFilterChainDecorator$ObservationFilter.doFilter(ObservationFilterChainDecorator.java:230)
	at org.springframework.security.web.ObservationFilterChainDecorator$VirtualFilterChain.doFilter(ObservationFilterChainDecorator.java:140)
	at com.bank.banking_api.config.RateLimiterFilter.doFilterInternal(RateLimiterFilter.java:38)
	at org.springframework.web.filter.OncePerRequestFilter.doFilter(OncePerRequestFilter.java:116)
	at org.springframework.security.web.ObservationFilterChainDecorator$ObservationFilter.wrapFilter(ObservationFilterChainDecorator.java:243)
	at org.springframework.security.web.ObservationFilterChainDecorator$ObservationFilter.doFilter(ObservationFilterChainDecorator.java:230)
	at org.springframework.security.web.ObservationFilterChainDecorator$VirtualFilterChain.doFilter(ObservationFilterChainDecorator.java:140)
	at org.springframework.security.web.authentication.logout.LogoutFilter.doFilter(LogoutFilter.java:110)
	at org.springframework.security.web.authentication.logout.LogoutFilter.doFilter(LogoutFilter.java:96)
	at org.springframework.security.web.ObservationFilterChainDecorator$ObservationFilter.wrapFilter(ObservationFilterChainDecorator.java:243)
	at org.springframework.security.web.ObservationFilterChainDecorator$ObservationFilter.doFilter(ObservationFilterChainDecorator.java:230)
	at org.springframework.security.web.ObservationFilterChainDecorator$VirtualFilterChain.doFilter(ObservationFilterChainDecorator.java:140)
	at org.springframework.security.web.header.HeaderWriterFilter.doHeadersAfter(HeaderWriterFilter.java:90)
	at org.springframework.security.web.header.HeaderWriterFilter.doFilterInternal(HeaderWriterFilter.java:75)
	at org.springframework.web.filter.OncePerRequestFilter.doFilter(OncePerRequestFilter.java:116)
	at org.springframework.security.web.ObservationFilterChainDecorator$ObservationFilter.wrapFilter(ObservationFilterChainDecorator.java:243)
	at org.springframework.security.web.ObservationFilterChainDecorator$ObservationFilter.doFilter(ObservationFilterChainDecorator.java:230)
	at org.springframework.security.web.ObservationFilterChainDecorator$VirtualFilterChain.doFilter(ObservationFilterChainDecorator.java:140)
	at org.springframework.security.web.context.SecurityContextHolderFilter.doFilter(SecurityContextHolderFilter.java:82)
	at org.springframework.security.web.context.SecurityContextHolderFilter.doFilter(SecurityContextHolderFilter.java:69)
	at org.springframework.security.web.ObservationFilterChainDecorator$ObservationFilter.wrapFilter(ObservationFilterChainDecorator.java:243)
	at org.springframework.security.web.ObservationFilterChainDecorator$ObservationFilter.doFilter(ObservationFilterChainDecorator.java:230)
	at org.springframework.security.web.ObservationFilterChainDecorator$VirtualFilterChain.doFilter(ObservationFilterChainDecorator.java:140)
	at org.springframework.security.web.context.request.async.WebAsyncManagerIntegrationFilter.doFilterInternal(WebAsyncManagerIntegrationFilter.java:62)
	at org.springframework.web.filter.OncePerRequestFilter.doFilter(OncePerRequestFilter.java:116)
	at org.springframework.security.web.ObservationFilterChainDecorator$ObservationFilter.wrapFilter(ObservationFilterChainDecorator.java:243)
	at org.springframework.security.web.ObservationFilterChainDecorator$ObservationFilter.doFilter(ObservationFilterChainDecorator.java:230)
	at org.springframework.security.web.ObservationFilterChainDecorator$VirtualFilterChain.doFilter(ObservationFilterChainDecorator.java:140)
	at org.springframework.security.web.session.DisableEncodeUrlFilter.doFilterInternal(DisableEncodeUrlFilter.java:42)
	at org.springframework.web.filter.OncePerRequestFilter.doFilter(OncePerRequestFilter.java:116)
	at org.springframework.security.web.ObservationFilterChainDecorator$ObservationFilter.wrapFilter(ObservationFilterChainDecorator.java:243)
	at org.springframework.security.web.ObservationFilterChainDecorator$AroundFilterObservation$SimpleAroundFilterObservation.lambda$wrap$0(ObservationFilterChainDecorator.java:336)
	at org.springframework.security.web.ObservationFilterChainDecorator$ObservationFilter.doFilter(ObservationFilterChainDecorator.java:227)
	at org.springframework.security.web.ObservationFilterChainDecorator$VirtualFilterChain.doFilter(ObservationFilterChainDecorator.java:140)
	at org.springframework.security.web.FilterChainProxy.doFilterInternal(FilterChainProxy.java:237)
	at org.springframework.security.web.FilterChainProxy.doFilter(FilterChainProxy.java:195)
	at org.springframework.web.filter.CompositeFilter$VirtualFilterChain.doFilter(CompositeFilter.java:113)
	at org.springframework.web.filter.ServletRequestPathFilter.doFilter(ServletRequestPathFilter.java:52)
	at org.springframework.web.filter.CompositeFilter$VirtualFilterChain.doFilter(CompositeFilter.java:113)
	at org.springframework.web.filter.CompositeFilter.doFilter(CompositeFilter.java:74)
	at org.springframework.security.config.annotation.web.configuration.WebSecurityConfiguration$CompositeFilterChainProxy.doFilter(WebSecurityConfiguration.java:317)
	at org.springframework.web.filter.DelegatingFilterProxy.invokeDelegate(DelegatingFilterProxy.java:355)
	at org.springframework.web.filter.DelegatingFilterProxy.doFilter(DelegatingFilterProxy.java:272)
	at org.apache.catalina.core.ApplicationFilterChain.doFilter(ApplicationFilterChain.java:107)
	at org.springframework.web.filter.RequestContextFilter.doFilterInternal(RequestContextFilter.java:100)
	at org.springframework.web.filter.OncePerRequestFilter.doFilter(OncePerRequestFilter.java:116)
	at org.apache.catalina.core.ApplicationFilterChain.doFilter(ApplicationFilterChain.java:107)
	at org.springframework.web.filter.FormContentFilter.doFilterInternal(FormContentFilter.java:93)
	at org.springframework.web.filter.OncePerRequestFilter.doFilter(OncePerRequestFilter.java:116)
	at org.apache.catalina.core.ApplicationFilterChain.doFilter(ApplicationFilterChain.java:107)
	at org.springframework.web.filter.ServerHttpObservationFilter.doFilterInternal(ServerHttpObservationFilter.java:110)
	at org.springframework.web.filter.OncePerRequestFilter.doFilter(OncePerRequestFilter.java:116)
	at org.apache.catalina.core.ApplicationFilterChain.doFilter(ApplicationFilterChain.java:107)
	at org.springframework.web.filter.CharacterEncodingFilter.doFilterInternal(CharacterEncodingFilter.java:199)
	at org.springframework.web.filter.OncePerRequestFilter.doFilter(OncePerRequestFilter.java:116)
	at org.apache.catalina.core.ApplicationFilterChain.doFilter(ApplicationFilterChain.java:107)
	at com.bank.banking_api.config.RequestLoggingFilter.doFilterInternal(RequestLoggingFilter.java:43)
	at org.springframework.web.filter.OncePerRequestFilter.doFilter(OncePerRequestFilter.java:116)
	at org.apache.catalina.core.ApplicationFilterChain.doFilter(ApplicationFilterChain.java:107)
	at org.apache.catalina.core.StandardWrapperValve.invoke(StandardWrapperValve.java:165)
	at org.apache.catalina.core.StandardContextValve.invoke(StandardContextValve.java:77)
	at org.apache.catalina.authenticator.AuthenticatorBase.invoke(AuthenticatorBase.java:492)
	at org.apache.catalina.core.StandardHostValve.invoke(StandardHostValve.java:113)
	at org.apache.catalina.valves.ErrorReportValve.invoke(ErrorReportValve.java:83)
	at org.apache.catalina.core.StandardEngineValve.invoke(StandardEngineValve.java:72)
	at org.apache.catalina.connector.CoyoteAdapter.service(CoyoteAdapter.java:341)
	at org.apache.coyote.http11.Http11Processor.service(Http11Processor.java:397)
	at org.apache.coyote.AbstractProcessorLight.process(AbstractProcessorLight.java:63)
	at org.apache.coyote.AbstractProtocol$ConnectionHandler.process(AbstractProtocol.java:1272)
	at org.apache.tomcat.util.net.NioEndpoint$SocketProcessor.doRun(NioEndpoint.java:1801)
	at org.apache.tomcat.util.net.SocketProcessorBase.run(SocketProcessorBase.java:52)
	at org.apache.tomcat.util.threads.ThreadPoolExecutor.runWorker(ThreadPoolExecutor.java:946)
	at org.apache.tomcat.util.threads.ThreadPoolExecutor$Worker.run(ThreadPoolExecutor.java:480)
	at org.apache.tomcat.util.threads.TaskThread$WrappingRunnable.run(TaskThread.java:57)
	at java.base/java.lang.Thread.run(Thread.java:1474)
2026-07-28 12:48:19.306 [NO-ID] [http-nio-8080-exec-7] WARN  SecurityAudit - Authentication failed for path /error: Full authentication is required to access this resource
2026-07-28 12:49:27.543 [NO-ID] [http-nio-8080-exec-10] DEBUG o.s.jdbc.core.JdbcTemplate - Executing prepared SQL query
2026-07-28 12:49:27.543 [NO-ID] [http-nio-8080-exec-10] DEBUG o.s.jdbc.core.JdbcTemplate - Executing prepared SQL statement [SELECT * FROM users WHERE id = ?]
2026-07-28 12:49:27.543 [NO-ID] [http-nio-8080-exec-10] DEBUG o.s.jdbc.datasource.DataSourceUtils - Fetching JDBC Connection from DataSource
2026-07-28 12:49:27.547 [NO-ID] [http-nio-8080-exec-10] DEBUG o.s.jdbc.core.JdbcTemplate - Executing prepared SQL query
2026-07-28 12:49:27.547 [NO-ID] [http-nio-8080-exec-10] DEBUG o.s.jdbc.core.JdbcTemplate - Executing prepared SQL statement [Select * from accounts where user_id = ?]
2026-07-28 12:49:27.547 [NO-ID] [http-nio-8080-exec-10] DEBUG o.s.jdbc.datasource.DataSourceUtils - Fetching JDBC Connection from DataSource
2026-07-28 12:50:31.447 [NO-ID] [http-nio-8080-exec-3] DEBUG o.s.jdbc.core.JdbcTemplate - Executing prepared SQL query
2026-07-28 12:50:31.447 [NO-ID] [http-nio-8080-exec-3] DEBUG o.s.jdbc.core.JdbcTemplate - Executing prepared SQL statement [SELECT * FROM users WHERE id = ?]
2026-07-28 12:50:31.447 [NO-ID] [http-nio-8080-exec-3] DEBUG o.s.jdbc.datasource.DataSourceUtils - Fetching JDBC Connection from DataSource
2026-07-28 12:50:31.451 [NO-ID] [http-nio-8080-exec-3] DEBUG o.s.jdbc.core.JdbcTemplate - Executing prepared SQL query
2026-07-28 12:50:31.451 [NO-ID] [http-nio-8080-exec-3] DEBUG o.s.jdbc.core.JdbcTemplate - Executing prepared SQL statement [Select * from accounts where user_id = ?]
2026-07-28 12:50:31.451 [NO-ID] [http-nio-8080-exec-3] DEBUG o.s.jdbc.datasource.DataSourceUtils - Fetching JDBC Connection from DataSource
2026-07-28 12:52:48.245 [NO-ID] [SpringApplicationShutdownHook] INFO  o.s.boot.tomcat.GracefulShutdown - Commencing graceful shutdown. Waiting for active requests to complete
2026-07-28 12:52:48.253 [NO-ID] [tomcat-shutdown] INFO  o.s.boot.tomcat.GracefulShutdown - Graceful shutdown complete
2026-07-28 12:52:48.271 [NO-ID] [SpringApplicationShutdownHook] INFO  com.zaxxer.hikari.HikariDataSource - BankHikariPool - Shutdown initiated...
2026-07-28 12:52:48.284 [NO-ID] [SpringApplicationShutdownHook] INFO  com.zaxxer.hikari.HikariDataSource - BankHikariPool - Shutdown completed.
2026-07-28 12:52:55.925 [NO-ID] [main] INFO  c.b.b.BankingApiApplication - Starting BankingApiApplication using Java 25.0.3 with PID 8418 (/home/sandy/projects/banking-api/target/classes started by sandy in /home/sandy/projects/banking-api)
2026-07-28 12:52:55.928 [NO-ID] [main] DEBUG c.b.b.BankingApiApplication - Running with Spring Boot v4.1.0, Spring v7.0.8
2026-07-28 12:52:55.928 [NO-ID] [main] INFO  c.b.b.BankingApiApplication - No active profile set, falling back to 1 default profile: "default"
2026-07-28 12:52:57.502 [NO-ID] [main] INFO  o.s.boot.tomcat.TomcatWebServer - Tomcat initialized with port 8080 (http)
2026-07-28 12:52:57.516 [NO-ID] [main] INFO  o.a.catalina.core.StandardService - Starting service [Tomcat]
2026-07-28 12:52:57.516 [NO-ID] [main] INFO  o.a.catalina.core.StandardEngine - Starting Servlet engine: [Apache Tomcat/11.0.22]
2026-07-28 12:52:57.557 [NO-ID] [main] INFO  o.s.b.w.c.s.WebApplicationContextInitializer - Root WebApplicationContext: initialization completed in 1540 ms
2026-07-28 12:52:57.801 [NO-ID] [main] DEBUG c.b.b.config.JwtAuthenticationFilter - Filter 'jwtAuthenticationFilter' configured for use
2026-07-28 12:52:57.802 [NO-ID] [main] DEBUG c.b.b.config.RequestLoggingFilter - Filter 'requestLoggingFilter' configured for use
2026-07-28 12:52:57.802 [NO-ID] [main] DEBUG c.b.b.config.RateLimiterFilter - Filter 'rateLimiterFilter' configured for use
2026-07-28 12:52:57.978 [NO-ID] [main] INFO  o.s.s.c.a.a.c.InitializeUserDetailsBeanManagerConfigurer$InitializeUserDetailsManagerConfigurer - Global AuthenticationManager configured with UserDetailsService bean with name customUserDetailsService
2026-07-28 12:52:58.773 [NO-ID] [main] INFO  o.s.b.a.e.web.EndpointLinksResolver - Exposing 2 endpoints beneath base path '/actuator'
2026-07-28 12:52:58.843 [NO-ID] [main] INFO  o.s.boot.tomcat.TomcatWebServer - Tomcat started on port 8080 (http) with context path '/'
2026-07-28 12:52:58.850 [NO-ID] [main] INFO  c.b.b.BankingApiApplication - Started BankingApiApplication in 3.681 seconds (process running for 4.09)
2026-07-28 12:53:04.108 [NO-ID] [http-nio-8080-exec-1] INFO  o.a.c.c.C.[Tomcat].[localhost].[/] - Initializing Spring DispatcherServlet 'dispatcherServlet'
2026-07-28 12:53:04.109 [NO-ID] [http-nio-8080-exec-1] INFO  o.s.web.servlet.DispatcherServlet - Initializing Servlet 'dispatcherServlet'
2026-07-28 12:53:04.111 [NO-ID] [http-nio-8080-exec-1] INFO  o.s.web.servlet.DispatcherServlet - Completed initialization in 2 ms
2026-07-28 12:53:04.226 [NO-ID] [http-nio-8080-exec-1] DEBUG o.s.jdbc.core.JdbcTemplate - Executing prepared SQL query
2026-07-28 12:53:04.227 [NO-ID] [http-nio-8080-exec-1] DEBUG o.s.jdbc.core.JdbcTemplate - Executing prepared SQL statement [SELECT * FROM users WHERE id = ?]
2026-07-28 12:53:04.228 [NO-ID] [http-nio-8080-exec-1] DEBUG o.s.jdbc.datasource.DataSourceUtils - Fetching JDBC Connection from DataSource
2026-07-28 12:53:04.229 [NO-ID] [http-nio-8080-exec-1] INFO  com.zaxxer.hikari.HikariDataSource - BankHikariPool - Starting...
2026-07-28 12:53:04.560 [NO-ID] [http-nio-8080-exec-1] INFO  com.zaxxer.hikari.pool.HikariPool - BankHikariPool - Added connection org.postgresql.jdbc.PgConnection@2197ff52
2026-07-28 12:53:04.562 [NO-ID] [http-nio-8080-exec-1] INFO  com.zaxxer.hikari.HikariDataSource - BankHikariPool - Start completed.
2026-07-28 12:53:04.603 [NO-ID] [http-nio-8080-exec-1] DEBUG o.s.jdbc.core.JdbcTemplate - Executing prepared SQL query
2026-07-28 12:53:04.604 [NO-ID] [http-nio-8080-exec-1] DEBUG o.s.jdbc.core.JdbcTemplate - Executing prepared SQL statement [Select * from accounts where user_id = ?]
2026-07-28 12:53:04.604 [NO-ID] [http-nio-8080-exec-1] DEBUG o.s.jdbc.datasource.DataSourceUtils - Fetching JDBC Connection from DataSource
2026-07-28 12:53:08.978 [NO-ID] [http-nio-8080-exec-3] DEBUG o.s.jdbc.core.JdbcTemplate - Executing prepared SQL query
2026-07-28 12:53:08.978 [NO-ID] [http-nio-8080-exec-3] DEBUG o.s.jdbc.core.JdbcTemplate - Executing prepared SQL statement [SELECT * FROM users WHERE id = ?]
2026-07-28 12:53:08.978 [NO-ID] [http-nio-8080-exec-3] DEBUG o.s.jdbc.datasource.DataSourceUtils - Fetching JDBC Connection from DataSource
2026-07-28 12:53:08.982 [NO-ID] [http-nio-8080-exec-3] DEBUG o.s.jdbc.core.JdbcTemplate - Executing prepared SQL query
2026-07-28 12:53:08.983 [NO-ID] [http-nio-8080-exec-3] DEBUG o.s.jdbc.core.JdbcTemplate - Executing prepared SQL statement [Select * from accounts where user_id = ?]
2026-07-28 12:53:08.983 [NO-ID] [http-nio-8080-exec-3] DEBUG o.s.jdbc.datasource.DataSourceUtils - Fetching JDBC Connection from DataSource
2026-07-28 12:57:43.716 [NO-ID] [SpringApplicationShutdownHook] INFO  o.s.boot.tomcat.GracefulShutdown - Commencing graceful shutdown. Waiting for active requests to complete
2026-07-28 12:57:43.727 [NO-ID] [tomcat-shutdown] INFO  o.s.boot.tomcat.GracefulShutdown - Graceful shutdown complete
2026-07-28 12:57:43.745 [NO-ID] [SpringApplicationShutdownHook] INFO  com.zaxxer.hikari.HikariDataSource - BankHikariPool - Shutdown initiated...
2026-07-28 12:57:43.758 [NO-ID] [SpringApplicationShutdownHook] INFO  com.zaxxer.hikari.HikariDataSource - BankHikariPool - Shutdown completed.
2026-07-28 12:57:51.190 [NO-ID] [main] INFO  c.b.b.BankingApiApplication - Starting BankingApiApplication using Java 25.0.3 with PID 8712 (/home/sandy/projects/banking-api/target/classes started by sandy in /home/sandy/projects/banking-api)
2026-07-28 12:57:51.192 [NO-ID] [main] DEBUG c.b.b.BankingApiApplication - Running with Spring Boot v4.1.0, Spring v7.0.8
2026-07-28 12:57:51.193 [NO-ID] [main] INFO  c.b.b.BankingApiApplication - No active profile set, falling back to 1 default profile: "default"
2026-07-28 12:57:52.602 [NO-ID] [main] INFO  o.s.boot.tomcat.TomcatWebServer - Tomcat initialized with port 8080 (http)
2026-07-28 12:57:52.618 [NO-ID] [main] INFO  o.a.catalina.core.StandardService - Starting service [Tomcat]
2026-07-28 12:57:52.619 [NO-ID] [main] INFO  o.a.catalina.core.StandardEngine - Starting Servlet engine: [Apache Tomcat/11.0.22]
2026-07-28 12:57:52.696 [NO-ID] [main] INFO  o.s.b.w.c.s.WebApplicationContextInitializer - Root WebApplicationContext: initialization completed in 1456 ms
2026-07-28 12:57:52.927 [NO-ID] [main] DEBUG c.b.b.config.JwtAuthenticationFilter - Filter 'jwtAuthenticationFilter' configured for use
2026-07-28 12:57:52.928 [NO-ID] [main] DEBUG c.b.b.config.RequestLoggingFilter - Filter 'requestLoggingFilter' configured for use
2026-07-28 12:57:52.928 [NO-ID] [main] DEBUG c.b.b.config.RateLimiterFilter - Filter 'rateLimiterFilter' configured for use
2026-07-28 12:57:53.088 [NO-ID] [main] INFO  o.s.s.c.a.a.c.InitializeUserDetailsBeanManagerConfigurer$InitializeUserDetailsManagerConfigurer - Global AuthenticationManager configured with UserDetailsService bean with name customUserDetailsService
2026-07-28 12:57:53.817 [NO-ID] [main] INFO  o.s.b.a.e.web.EndpointLinksResolver - Exposing 2 endpoints beneath base path '/actuator'
2026-07-28 12:57:53.905 [NO-ID] [main] INFO  o.s.boot.tomcat.TomcatWebServer - Tomcat started on port 8080 (http) with context path '/'
2026-07-28 12:57:53.913 [NO-ID] [main] INFO  c.b.b.BankingApiApplication - Started BankingApiApplication in 3.543 seconds (process running for 3.91)
2026-07-28 12:57:59.501 [NO-ID] [http-nio-8080-exec-2] INFO  o.a.c.c.C.[Tomcat].[localhost].[/] - Initializing Spring DispatcherServlet 'dispatcherServlet'
2026-07-28 12:57:59.501 [NO-ID] [http-nio-8080-exec-2] INFO  o.s.web.servlet.DispatcherServlet - Initializing Servlet 'dispatcherServlet'
2026-07-28 12:57:59.502 [NO-ID] [http-nio-8080-exec-2] INFO  o.s.web.servlet.DispatcherServlet - Completed initialization in 1 ms
2026-07-28 12:57:59.652 [NO-ID] [http-nio-8080-exec-2] DEBUG o.s.jdbc.core.JdbcTemplate - Executing prepared SQL query
2026-07-28 12:57:59.653 [NO-ID] [http-nio-8080-exec-2] DEBUG o.s.jdbc.core.JdbcTemplate - Executing prepared SQL statement [SELECT * FROM users WHERE id = ?]
2026-07-28 12:57:59.655 [NO-ID] [http-nio-8080-exec-2] DEBUG o.s.jdbc.datasource.DataSourceUtils - Fetching JDBC Connection from DataSource
2026-07-28 12:57:59.655 [NO-ID] [http-nio-8080-exec-2] INFO  com.zaxxer.hikari.HikariDataSource - BankHikariPool - Starting...
2026-07-28 12:57:59.919 [NO-ID] [http-nio-8080-exec-2] INFO  com.zaxxer.hikari.pool.HikariPool - BankHikariPool - Added connection org.postgresql.jdbc.PgConnection@5c1f3fd7
2026-07-28 12:57:59.922 [NO-ID] [http-nio-8080-exec-2] INFO  com.zaxxer.hikari.HikariDataSource - BankHikariPool - Start completed.
2026-07-28 12:57:59.963 [NO-ID] [http-nio-8080-exec-2] DEBUG o.s.jdbc.core.JdbcTemplate - Executing prepared SQL query
2026-07-28 12:57:59.964 [NO-ID] [http-nio-8080-exec-2] DEBUG o.s.jdbc.core.JdbcTemplate - Executing prepared SQL statement [Select * from accounts where user_id = ?]
2026-07-28 12:57:59.964 [NO-ID] [http-nio-8080-exec-2] DEBUG o.s.jdbc.datasource.DataSourceUtils - Fetching JDBC Connection from DataSource
2026-07-28 13:06:55.402 [NO-ID] [SpringApplicationShutdownHook] INFO  o.s.boot.tomcat.GracefulShutdown - Commencing graceful shutdown. Waiting for active requests to complete
2026-07-28 13:06:55.414 [NO-ID] [tomcat-shutdown] INFO  o.s.boot.tomcat.GracefulShutdown - Graceful shutdown complete
2026-07-28 13:06:55.430 [NO-ID] [SpringApplicationShutdownHook] INFO  com.zaxxer.hikari.HikariDataSource - BankHikariPool - Shutdown initiated...
2026-07-28 13:06:55.439 [NO-ID] [SpringApplicationShutdownHook] INFO  com.zaxxer.hikari.HikariDataSource - BankHikariPool - Shutdown completed.
2026-07-28 13:07:02.571 [NO-ID] [main] INFO  c.b.b.BankingApiApplication - Starting BankingApiApplication using Java 25.0.3 with PID 9124 (/home/sandy/projects/banking-api/target/classes started by sandy in /home/sandy/projects/banking-api)
2026-07-28 13:07:02.573 [NO-ID] [main] DEBUG c.b.b.BankingApiApplication - Running with Spring Boot v4.1.0, Spring v7.0.8
2026-07-28 13:07:02.574 [NO-ID] [main] INFO  c.b.b.BankingApiApplication - No active profile set, falling back to 1 default profile: "default"
2026-07-28 13:07:03.957 [NO-ID] [main] INFO  o.s.boot.tomcat.TomcatWebServer - Tomcat initialized with port 8080 (http)
2026-07-28 13:07:03.968 [NO-ID] [main] INFO  o.a.catalina.core.StandardService - Starting service [Tomcat]
2026-07-28 13:07:03.968 [NO-ID] [main] INFO  o.a.catalina.core.StandardEngine - Starting Servlet engine: [Apache Tomcat/11.0.22]
2026-07-28 13:07:04.000 [NO-ID] [main] INFO  o.s.b.w.c.s.WebApplicationContextInitializer - Root WebApplicationContext: initialization completed in 1378 ms
2026-07-28 13:07:04.273 [NO-ID] [main] DEBUG c.b.b.config.JwtAuthenticationFilter - Filter 'jwtAuthenticationFilter' configured for use
2026-07-28 13:07:04.274 [NO-ID] [main] DEBUG c.b.b.config.RequestLoggingFilter - Filter 'requestLoggingFilter' configured for use
2026-07-28 13:07:04.274 [NO-ID] [main] DEBUG c.b.b.config.RateLimiterFilter - Filter 'rateLimiterFilter' configured for use
2026-07-28 13:07:04.436 [NO-ID] [main] INFO  o.s.s.c.a.a.c.InitializeUserDetailsBeanManagerConfigurer$InitializeUserDetailsManagerConfigurer - Global AuthenticationManager configured with UserDetailsService bean with name customUserDetailsService
2026-07-28 13:07:05.085 [NO-ID] [main] INFO  o.s.b.a.e.web.EndpointLinksResolver - Exposing 2 endpoints beneath base path '/actuator'
2026-07-28 13:07:05.154 [NO-ID] [main] INFO  o.s.boot.tomcat.TomcatWebServer - Tomcat started on port 8080 (http) with context path '/'
2026-07-28 13:07:05.162 [NO-ID] [main] INFO  c.b.b.BankingApiApplication - Started BankingApiApplication in 3.319 seconds (process running for 3.705)
2026-07-28 13:07:09.347 [NO-ID] [http-nio-8080-exec-1] INFO  o.a.c.c.C.[Tomcat].[localhost].[/] - Initializing Spring DispatcherServlet 'dispatcherServlet'
2026-07-28 13:07:09.347 [NO-ID] [http-nio-8080-exec-1] INFO  o.s.web.servlet.DispatcherServlet - Initializing Servlet 'dispatcherServlet'
2026-07-28 13:07:09.349 [NO-ID] [http-nio-8080-exec-1] INFO  o.s.web.servlet.DispatcherServlet - Completed initialization in 2 ms
2026-07-28 13:07:09.351 [NO-ID] [http-nio-8080-exec-1] INFO  c.b.b.config.RequestLoggingFilter - Filter check: MDC.get(requestID is currently -> 083e2922-c559-456e-b957-8e59945ca9bb
2026-07-28 13:07:09.481 [NO-ID] [http-nio-8080-exec-1] INFO  c.b.b.config.RequestLoggingFilter - Filter cleanup: clearing mdc
2026-07-28 13:07:09.482 [NO-ID] [http-nio-8080-exec-1] ERROR o.a.c.c.C.[.[.[.[dispatcherServlet] - Servlet.service() for servlet [dispatcherServlet] in context with path [] threw exception
com.bank.banking_api.exception.JwtTokenExpiredException: Jwt token has expired
	at com.bank.banking_api.security.JwtTokenProvider.extractAllClaimsFromToken(JwtTokenProvider.java:67)
	at com.bank.banking_api.security.JwtTokenProvider.getUserIdFromToken(JwtTokenProvider.java:74)
	at com.bank.banking_api.config.JwtAuthenticationFilter.doFilterInternal(JwtAuthenticationFilter.java:42)
	at org.springframework.web.filter.OncePerRequestFilter.doFilter(OncePerRequestFilter.java:116)
	at org.springframework.security.web.ObservationFilterChainDecorator$ObservationFilter.wrapFilter(ObservationFilterChainDecorator.java:243)
	at org.springframework.security.web.ObservationFilterChainDecorator$ObservationFilter.doFilter(ObservationFilterChainDecorator.java:230)
	at org.springframework.security.web.ObservationFilterChainDecorator$VirtualFilterChain.doFilter(ObservationFilterChainDecorator.java:140)
	at com.bank.banking_api.config.RateLimiterFilter.doFilterInternal(RateLimiterFilter.java:38)
	at org.springframework.web.filter.OncePerRequestFilter.doFilter(OncePerRequestFilter.java:116)
	at org.springframework.security.web.ObservationFilterChainDecorator$ObservationFilter.wrapFilter(ObservationFilterChainDecorator.java:243)
	at org.springframework.security.web.ObservationFilterChainDecorator$ObservationFilter.doFilter(ObservationFilterChainDecorator.java:230)
	at org.springframework.security.web.ObservationFilterChainDecorator$VirtualFilterChain.doFilter(ObservationFilterChainDecorator.java:140)
	at org.springframework.security.web.authentication.logout.LogoutFilter.doFilter(LogoutFilter.java:110)
	at org.springframework.security.web.authentication.logout.LogoutFilter.doFilter(LogoutFilter.java:96)
	at org.springframework.security.web.ObservationFilterChainDecorator$ObservationFilter.wrapFilter(ObservationFilterChainDecorator.java:243)
	at org.springframework.security.web.ObservationFilterChainDecorator$ObservationFilter.doFilter(ObservationFilterChainDecorator.java:230)
	at org.springframework.security.web.ObservationFilterChainDecorator$VirtualFilterChain.doFilter(ObservationFilterChainDecorator.java:140)
	at org.springframework.security.web.header.HeaderWriterFilter.doHeadersAfter(HeaderWriterFilter.java:90)
	at org.springframework.security.web.header.HeaderWriterFilter.doFilterInternal(HeaderWriterFilter.java:75)
	at org.springframework.web.filter.OncePerRequestFilter.doFilter(OncePerRequestFilter.java:116)
	at org.springframework.security.web.ObservationFilterChainDecorator$ObservationFilter.wrapFilter(ObservationFilterChainDecorator.java:243)
	at org.springframework.security.web.ObservationFilterChainDecorator$ObservationFilter.doFilter(ObservationFilterChainDecorator.java:230)
	at org.springframework.security.web.ObservationFilterChainDecorator$VirtualFilterChain.doFilter(ObservationFilterChainDecorator.java:140)
	at org.springframework.security.web.context.SecurityContextHolderFilter.doFilter(SecurityContextHolderFilter.java:82)
	at org.springframework.security.web.context.SecurityContextHolderFilter.doFilter(SecurityContextHolderFilter.java:69)
	at org.springframework.security.web.ObservationFilterChainDecorator$ObservationFilter.wrapFilter(ObservationFilterChainDecorator.java:243)
	at org.springframework.security.web.ObservationFilterChainDecorator$ObservationFilter.doFilter(ObservationFilterChainDecorator.java:230)
	at org.springframework.security.web.ObservationFilterChainDecorator$VirtualFilterChain.doFilter(ObservationFilterChainDecorator.java:140)
	at org.springframework.security.web.context.request.async.WebAsyncManagerIntegrationFilter.doFilterInternal(WebAsyncManagerIntegrationFilter.java:62)
	at org.springframework.web.filter.OncePerRequestFilter.doFilter(OncePerRequestFilter.java:116)
	at org.springframework.security.web.ObservationFilterChainDecorator$ObservationFilter.wrapFilter(ObservationFilterChainDecorator.java:243)
	at org.springframework.security.web.ObservationFilterChainDecorator$ObservationFilter.doFilter(ObservationFilterChainDecorator.java:230)
	at org.springframework.security.web.ObservationFilterChainDecorator$VirtualFilterChain.doFilter(ObservationFilterChainDecorator.java:140)
	at org.springframework.security.web.session.DisableEncodeUrlFilter.doFilterInternal(DisableEncodeUrlFilter.java:42)
	at org.springframework.web.filter.OncePerRequestFilter.doFilter(OncePerRequestFilter.java:116)
	at org.springframework.security.web.ObservationFilterChainDecorator$ObservationFilter.wrapFilter(ObservationFilterChainDecorator.java:243)
	at org.springframework.security.web.ObservationFilterChainDecorator$AroundFilterObservation$SimpleAroundFilterObservation.lambda$wrap$0(ObservationFilterChainDecorator.java:336)
	at org.springframework.security.web.ObservationFilterChainDecorator$ObservationFilter.doFilter(ObservationFilterChainDecorator.java:227)
	at org.springframework.security.web.ObservationFilterChainDecorator$VirtualFilterChain.doFilter(ObservationFilterChainDecorator.java:140)
	at org.springframework.security.web.FilterChainProxy.doFilterInternal(FilterChainProxy.java:237)
	at org.springframework.security.web.FilterChainProxy.doFilter(FilterChainProxy.java:195)
	at org.springframework.web.filter.CompositeFilter$VirtualFilterChain.doFilter(CompositeFilter.java:113)
	at org.springframework.web.filter.ServletRequestPathFilter.doFilter(ServletRequestPathFilter.java:52)
	at org.springframework.web.filter.CompositeFilter$VirtualFilterChain.doFilter(CompositeFilter.java:113)
	at org.springframework.web.filter.CompositeFilter.doFilter(CompositeFilter.java:74)
	at org.springframework.security.config.annotation.web.configuration.WebSecurityConfiguration$CompositeFilterChainProxy.doFilter(WebSecurityConfiguration.java:317)
	at org.springframework.web.filter.DelegatingFilterProxy.invokeDelegate(DelegatingFilterProxy.java:355)
	at org.springframework.web.filter.DelegatingFilterProxy.doFilter(DelegatingFilterProxy.java:272)
	at org.apache.catalina.core.ApplicationFilterChain.doFilter(ApplicationFilterChain.java:107)
	at org.springframework.web.filter.RequestContextFilter.doFilterInternal(RequestContextFilter.java:100)
	at org.springframework.web.filter.OncePerRequestFilter.doFilter(OncePerRequestFilter.java:116)
	at org.apache.catalina.core.ApplicationFilterChain.doFilter(ApplicationFilterChain.java:107)
	at org.springframework.web.filter.FormContentFilter.doFilterInternal(FormContentFilter.java:93)
	at org.springframework.web.filter.OncePerRequestFilter.doFilter(OncePerRequestFilter.java:116)
	at org.apache.catalina.core.ApplicationFilterChain.doFilter(ApplicationFilterChain.java:107)
	at org.springframework.web.filter.ServerHttpObservationFilter.doFilterInternal(ServerHttpObservationFilter.java:110)
	at org.springframework.web.filter.OncePerRequestFilter.doFilter(OncePerRequestFilter.java:116)
	at org.apache.catalina.core.ApplicationFilterChain.doFilter(ApplicationFilterChain.java:107)
	at org.springframework.web.filter.CharacterEncodingFilter.doFilterInternal(CharacterEncodingFilter.java:199)
	at org.springframework.web.filter.OncePerRequestFilter.doFilter(OncePerRequestFilter.java:116)
	at org.apache.catalina.core.ApplicationFilterChain.doFilter(ApplicationFilterChain.java:107)
	at com.bank.banking_api.config.RequestLoggingFilter.doFilterInternal(RequestLoggingFilter.java:48)
	at org.springframework.web.filter.OncePerRequestFilter.doFilter(OncePerRequestFilter.java:116)
	at org.apache.catalina.core.ApplicationFilterChain.doFilter(ApplicationFilterChain.java:107)
	at org.apache.catalina.core.StandardWrapperValve.invoke(StandardWrapperValve.java:165)
	at org.apache.catalina.core.StandardContextValve.invoke(StandardContextValve.java:77)
	at org.apache.catalina.authenticator.AuthenticatorBase.invoke(AuthenticatorBase.java:492)
	at org.apache.catalina.core.StandardHostValve.invoke(StandardHostValve.java:113)
	at org.apache.catalina.valves.ErrorReportValve.invoke(ErrorReportValve.java:83)
	at org.apache.catalina.core.StandardEngineValve.invoke(StandardEngineValve.java:72)
	at org.apache.catalina.connector.CoyoteAdapter.service(CoyoteAdapter.java:341)
	at org.apache.coyote.http11.Http11Processor.service(Http11Processor.java:397)
	at org.apache.coyote.AbstractProcessorLight.process(AbstractProcessorLight.java:63)
	at org.apache.coyote.AbstractProtocol$ConnectionHandler.process(AbstractProtocol.java:1272)
	at org.apache.tomcat.util.net.NioEndpoint$SocketProcessor.doRun(NioEndpoint.java:1801)
	at org.apache.tomcat.util.net.SocketProcessorBase.run(SocketProcessorBase.java:52)
	at org.apache.tomcat.util.threads.ThreadPoolExecutor.runWorker(ThreadPoolExecutor.java:946)
	at org.apache.tomcat.util.threads.ThreadPoolExecutor$Worker.run(ThreadPoolExecutor.java:480)
	at org.apache.tomcat.util.threads.TaskThread$WrappingRunnable.run(TaskThread.java:57)
	at java.base/java.lang.Thread.run(Thread.java:1474)
2026-07-28 13:07:09.492 [NO-ID] [http-nio-8080-exec-1] WARN  SecurityAudit - Authentication failed for path /error: Full authentication is required to access this resource
2026-07-28 13:07:16.428 [NO-ID] [http-nio-8080-exec-3] INFO  c.b.b.config.RequestLoggingFilter - Filter check: MDC.get(requestID is currently -> 2ff33370-976d-4dd4-840d-449bc2a10c95
2026-07-28 13:07:16.532 [NO-ID] [http-nio-8080-exec-3] DEBUG o.s.jdbc.core.JdbcTemplate - Executing prepared SQL query
2026-07-28 13:07:16.532 [NO-ID] [http-nio-8080-exec-3] DEBUG o.s.jdbc.core.JdbcTemplate - Executing prepared SQL statement [SELECT * FROM users WHERE username = ?]
2026-07-28 13:07:16.534 [NO-ID] [http-nio-8080-exec-3] DEBUG o.s.jdbc.datasource.DataSourceUtils - Fetching JDBC Connection from DataSource
2026-07-28 13:07:16.534 [NO-ID] [http-nio-8080-exec-3] INFO  com.zaxxer.hikari.HikariDataSource - BankHikariPool - Starting...
2026-07-28 13:07:16.786 [NO-ID] [http-nio-8080-exec-3] INFO  com.zaxxer.hikari.pool.HikariPool - BankHikariPool - Added connection org.postgresql.jdbc.PgConnection@2a1ea37
2026-07-28 13:07:16.789 [NO-ID] [http-nio-8080-exec-3] INFO  com.zaxxer.hikari.HikariDataSource - BankHikariPool - Start completed.
2026-07-28 13:07:16.901 [NO-ID] [http-nio-8080-exec-3] DEBUG o.s.jdbc.core.JdbcTemplate - Executing prepared SQL query
2026-07-28 13:07:16.902 [NO-ID] [http-nio-8080-exec-3] DEBUG o.s.jdbc.core.JdbcTemplate - Executing prepared SQL statement [SELECT * FROM users WHERE username = ?]
2026-07-28 13:07:16.902 [NO-ID] [http-nio-8080-exec-3] DEBUG o.s.jdbc.datasource.DataSourceUtils - Fetching JDBC Connection from DataSource
2026-07-28 13:07:17.064 [NO-ID] [http-nio-8080-exec-3] INFO  c.b.b.config.RequestLoggingFilter - Filter cleanup: clearing mdc
2026-07-28 13:07:20.804 [NO-ID] [http-nio-8080-exec-4] INFO  c.b.b.config.RequestLoggingFilter - Filter check: MDC.get(requestID is currently -> abe2f805-e7af-4bfb-aa72-1893de2b0149
2026-07-28 13:07:20.809 [NO-ID] [http-nio-8080-exec-4] DEBUG o.s.jdbc.core.JdbcTemplate - Executing prepared SQL query
2026-07-28 13:07:20.810 [NO-ID] [http-nio-8080-exec-4] DEBUG o.s.jdbc.core.JdbcTemplate - Executing prepared SQL statement [SELECT * FROM users WHERE id = ?]
2026-07-28 13:07:20.810 [NO-ID] [http-nio-8080-exec-4] DEBUG o.s.jdbc.datasource.DataSourceUtils - Fetching JDBC Connection from DataSource
2026-07-28 13:07:20.820 [NO-ID] [http-nio-8080-exec-4] INFO  c.b.b.controller.AccountController - getMyAccounts: currentUser=03291670-ea4d-4f9b-bf95-431a1fd3f356
2026-07-28 13:07:20.821 [NO-ID] [http-nio-8080-exec-4] DEBUG o.s.jdbc.core.JdbcTemplate - Executing prepared SQL query
2026-07-28 13:07:20.821 [NO-ID] [http-nio-8080-exec-4] DEBUG o.s.jdbc.core.JdbcTemplate - Executing prepared SQL statement [Select * from accounts where user_id = ?]
2026-07-28 13:07:20.821 [NO-ID] [http-nio-8080-exec-4] DEBUG o.s.jdbc.datasource.DataSourceUtils - Fetching JDBC Connection from DataSource
2026-07-28 13:07:20.839 [NO-ID] [http-nio-8080-exec-4] INFO  c.b.b.config.RequestLoggingFilter - Filter cleanup: clearing mdc
2026-07-28 13:07:29.960 [NO-ID] [SpringApplicationShutdownHook] INFO  o.s.boot.tomcat.GracefulShutdown - Commencing graceful shutdown. Waiting for active requests to complete
2026-07-28 13:07:29.967 [NO-ID] [tomcat-shutdown] INFO  o.s.boot.tomcat.GracefulShutdown - Graceful shutdown complete
2026-07-28 13:07:29.983 [NO-ID] [SpringApplicationShutdownHook] INFO  com.zaxxer.hikari.HikariDataSource - BankHikariPool - Shutdown initiated...
2026-07-28 13:07:29.992 [NO-ID] [SpringApplicationShutdownHook] INFO  com.zaxxer.hikari.HikariDataSource - BankHikariPool - Shutdown completed.
2026-07-28 13:07:36.288 [NO-ID] [main] INFO  c.b.b.BankingApiApplication - Starting BankingApiApplication using Java 25.0.3 with PID 9294 (/home/sandy/projects/banking-api/target/classes started by sandy in /home/sandy/projects/banking-api)
2026-07-28 13:07:36.290 [NO-ID] [main] DEBUG c.b.b.BankingApiApplication - Running with Spring Boot v4.1.0, Spring v7.0.8
2026-07-28 13:07:36.291 [NO-ID] [main] INFO  c.b.b.BankingApiApplication - No active profile set, falling back to 1 default profile: "default"
2026-07-28 13:07:37.461 [NO-ID] [main] INFO  o.s.boot.tomcat.TomcatWebServer - Tomcat initialized with port 8080 (http)
2026-07-28 13:07:37.471 [NO-ID] [main] INFO  o.a.catalina.core.StandardService - Starting service [Tomcat]
2026-07-28 13:07:37.472 [NO-ID] [main] INFO  o.a.catalina.core.StandardEngine - Starting Servlet engine: [Apache Tomcat/11.0.22]
2026-07-28 13:07:37.507 [NO-ID] [main] INFO  o.s.b.w.c.s.WebApplicationContextInitializer - Root WebApplicationContext: initialization completed in 1172 ms
2026-07-28 13:07:37.701 [NO-ID] [main] DEBUG c.b.b.config.JwtAuthenticationFilter - Filter 'jwtAuthenticationFilter' configured for use
2026-07-28 13:07:37.702 [NO-ID] [main] DEBUG c.b.b.config.RequestLoggingFilter - Filter 'requestLoggingFilter' configured for use
2026-07-28 13:07:37.703 [NO-ID] [main] DEBUG c.b.b.config.RateLimiterFilter - Filter 'rateLimiterFilter' configured for use
2026-07-28 13:07:37.868 [NO-ID] [main] INFO  o.s.s.c.a.a.c.InitializeUserDetailsBeanManagerConfigurer$InitializeUserDetailsManagerConfigurer - Global AuthenticationManager configured with UserDetailsService bean with name customUserDetailsService
2026-07-28 13:07:38.688 [NO-ID] [main] INFO  o.s.b.a.e.web.EndpointLinksResolver - Exposing 2 endpoints beneath base path '/actuator'
2026-07-28 13:07:38.807 [NO-ID] [main] INFO  o.s.boot.tomcat.TomcatWebServer - Tomcat started on port 8080 (http) with context path '/'
2026-07-28 13:07:38.817 [NO-ID] [main] INFO  c.b.b.BankingApiApplication - Started BankingApiApplication in 3.037 seconds (process running for 3.299)
2026-07-28 13:07:45.883 [NO-ID] [http-nio-8080-exec-2] INFO  o.a.c.c.C.[Tomcat].[localhost].[/] - Initializing Spring DispatcherServlet 'dispatcherServlet'
2026-07-28 13:07:45.883 [NO-ID] [http-nio-8080-exec-2] INFO  o.s.web.servlet.DispatcherServlet - Initializing Servlet 'dispatcherServlet'
2026-07-28 13:07:45.884 [NO-ID] [http-nio-8080-exec-2] INFO  o.s.web.servlet.DispatcherServlet - Completed initialization in 1 ms
2026-07-28 13:07:45.887 [NO-ID] [http-nio-8080-exec-2] INFO  c.b.b.config.RequestLoggingFilter - Filter check: MDC.get(requestID is currently -> b2e95941-148c-427c-a1d1-f4c335612eb8
2026-07-28 13:07:45.977 [NO-ID] [http-nio-8080-exec-2] DEBUG o.s.jdbc.core.JdbcTemplate - Executing prepared SQL query
2026-07-28 13:07:45.977 [NO-ID] [http-nio-8080-exec-2] DEBUG o.s.jdbc.core.JdbcTemplate - Executing prepared SQL statement [SELECT * FROM users WHERE id = ?]
2026-07-28 13:07:45.980 [NO-ID] [http-nio-8080-exec-2] DEBUG o.s.jdbc.datasource.DataSourceUtils - Fetching JDBC Connection from DataSource
2026-07-28 13:07:45.980 [NO-ID] [http-nio-8080-exec-2] INFO  com.zaxxer.hikari.HikariDataSource - BankHikariPool - Starting...
2026-07-28 13:07:46.242 [NO-ID] [http-nio-8080-exec-2] INFO  com.zaxxer.hikari.pool.HikariPool - BankHikariPool - Added connection org.postgresql.jdbc.PgConnection@11f24e96
2026-07-28 13:07:46.245 [NO-ID] [http-nio-8080-exec-2] INFO  com.zaxxer.hikari.HikariDataSource - BankHikariPool - Start completed.
2026-07-28 13:07:46.283 [NO-ID] [http-nio-8080-exec-2] INFO  c.b.b.controller.AccountController - getMyAccounts: currentUser=03291670-ea4d-4f9b-bf95-431a1fd3f356
2026-07-28 13:07:46.283 [NO-ID] [http-nio-8080-exec-2] DEBUG o.s.jdbc.core.JdbcTemplate - Executing prepared SQL query
2026-07-28 13:07:46.284 [NO-ID] [http-nio-8080-exec-2] DEBUG o.s.jdbc.core.JdbcTemplate - Executing prepared SQL statement [Select * from accounts where user_id = ?]
2026-07-28 13:07:46.284 [NO-ID] [http-nio-8080-exec-2] DEBUG o.s.jdbc.datasource.DataSourceUtils - Fetching JDBC Connection from DataSource
2026-07-28 13:07:46.338 [NO-ID] [http-nio-8080-exec-2] INFO  c.b.b.config.RequestLoggingFilter - Filter cleanup: clearing mdc
2026-07-28 13:10:43.570 [NO-ID] [SpringApplicationShutdownHook] INFO  o.s.boot.tomcat.GracefulShutdown - Commencing graceful shutdown. Waiting for active requests to complete
2026-07-28 13:10:43.578 [NO-ID] [tomcat-shutdown] INFO  o.s.boot.tomcat.GracefulShutdown - Graceful shutdown complete
2026-07-28 13:10:43.590 [NO-ID] [SpringApplicationShutdownHook] INFO  com.zaxxer.hikari.HikariDataSource - BankHikariPool - Shutdown initiated...
2026-07-28 13:10:43.596 [NO-ID] [SpringApplicationShutdownHook] INFO  com.zaxxer.hikari.HikariDataSource - BankHikariPool - Shutdown completed.
2026-07-28 13:10:52.509 [NO-ID] [main] INFO  c.b.b.BankingApiApplication - Starting BankingApiApplication using Java 25.0.3 with PID 9558 (/home/sandy/projects/banking-api/target/classes started by sandy in /home/sandy/projects/banking-api)
2026-07-28 13:10:52.511 [NO-ID] [main] DEBUG c.b.b.BankingApiApplication - Running with Spring Boot v4.1.0, Spring v7.0.8
2026-07-28 13:10:52.511 [NO-ID] [main] INFO  c.b.b.BankingApiApplication - No active profile set, falling back to 1 default profile: "default"
2026-07-28 13:10:54.051 [NO-ID] [main] INFO  o.s.boot.tomcat.TomcatWebServer - Tomcat initialized with port 8080 (http)
2026-07-28 13:10:54.066 [NO-ID] [main] INFO  o.a.catalina.core.StandardService - Starting service [Tomcat]
2026-07-28 13:10:54.066 [NO-ID] [main] INFO  o.a.catalina.core.StandardEngine - Starting Servlet engine: [Apache Tomcat/11.0.22]
2026-07-28 13:10:54.124 [NO-ID] [main] INFO  o.s.b.w.c.s.WebApplicationContextInitializer - Root WebApplicationContext: initialization completed in 1566 ms
2026-07-28 13:10:54.365 [NO-ID] [main] DEBUG c.b.b.config.JwtAuthenticationFilter - Filter 'jwtAuthenticationFilter' configured for use
2026-07-28 13:10:54.366 [NO-ID] [main] DEBUG c.b.b.config.RequestLoggingFilter - Filter 'requestLoggingFilter' configured for use
2026-07-28 13:10:54.366 [NO-ID] [main] DEBUG c.b.b.config.RateLimiterFilter - Filter 'rateLimiterFilter' configured for use
2026-07-28 13:10:54.534 [NO-ID] [main] INFO  o.s.s.c.a.a.c.InitializeUserDetailsBeanManagerConfigurer$InitializeUserDetailsManagerConfigurer - Global AuthenticationManager configured with UserDetailsService bean with name customUserDetailsService
2026-07-28 13:10:55.282 [NO-ID] [main] INFO  o.s.b.a.e.web.EndpointLinksResolver - Exposing 2 endpoints beneath base path '/actuator'
2026-07-28 13:10:55.356 [NO-ID] [main] INFO  o.s.boot.tomcat.TomcatWebServer - Tomcat started on port 8080 (http) with context path '/'
2026-07-28 13:10:55.370 [NO-ID] [main] INFO  c.b.b.BankingApiApplication - Started BankingApiApplication in 3.516 seconds (process running for 3.835)
2026-07-28 13:11:00.956 [NO-ID] [http-nio-8080-exec-1] INFO  o.a.c.c.C.[Tomcat].[localhost].[/] - Initializing Spring DispatcherServlet 'dispatcherServlet'
2026-07-28 13:11:00.957 [NO-ID] [http-nio-8080-exec-1] INFO  o.s.web.servlet.DispatcherServlet - Initializing Servlet 'dispatcherServlet'
2026-07-28 13:11:00.959 [NO-ID] [http-nio-8080-exec-1] INFO  o.s.web.servlet.DispatcherServlet - Completed initialization in 2 ms
2026-07-28 13:11:00.962 [NO-ID] [http-nio-8080-exec-1] INFO  c.b.b.config.RequestLoggingFilter - Filter check: MDC.get(requestID is currently -> c6fe9fd5-7f0f-4cc2-8ff2-12e52253cbf5
2026-07-28 13:11:01.106 [NO-ID] [http-nio-8080-exec-1] DEBUG o.s.jdbc.core.JdbcTemplate - Executing prepared SQL query
2026-07-28 13:11:01.107 [NO-ID] [http-nio-8080-exec-1] DEBUG o.s.jdbc.core.JdbcTemplate - Executing prepared SQL statement [SELECT * FROM users WHERE id = ?]
2026-07-28 13:11:01.109 [NO-ID] [http-nio-8080-exec-1] DEBUG o.s.jdbc.datasource.DataSourceUtils - Fetching JDBC Connection from DataSource
2026-07-28 13:11:01.109 [NO-ID] [http-nio-8080-exec-1] INFO  com.zaxxer.hikari.HikariDataSource - BankHikariPool - Starting...
2026-07-28 13:11:01.375 [NO-ID] [http-nio-8080-exec-1] INFO  com.zaxxer.hikari.pool.HikariPool - BankHikariPool - Added connection org.postgresql.jdbc.PgConnection@3ddb97a4
2026-07-28 13:11:01.377 [NO-ID] [http-nio-8080-exec-1] INFO  com.zaxxer.hikari.HikariDataSource - BankHikariPool - Start completed.
2026-07-28 13:11:01.418 [NO-ID] [http-nio-8080-exec-1] INFO  c.b.b.controller.AccountController - CONTROLLER CHECK: currentUser=03291670-ea4d-4f9b-bf95-431a1fd3f356
2026-07-28 13:11:01.419 [NO-ID] [http-nio-8080-exec-1] DEBUG o.s.jdbc.core.JdbcTemplate - Executing prepared SQL query
2026-07-28 13:11:01.419 [NO-ID] [http-nio-8080-exec-1] DEBUG o.s.jdbc.core.JdbcTemplate - Executing prepared SQL statement [Select * from accounts where user_id = ?]
2026-07-28 13:11:01.419 [NO-ID] [http-nio-8080-exec-1] DEBUG o.s.jdbc.datasource.DataSourceUtils - Fetching JDBC Connection from DataSource
2026-07-28 13:11:01.478 [NO-ID] [http-nio-8080-exec-1] INFO  c.b.b.config.RequestLoggingFilter - Filter cleanup: clearing mdc
2026-07-28 13:14:40.049 [NO-ID] [SpringApplicationShutdownHook] INFO  o.s.boot.tomcat.GracefulShutdown - Commencing graceful shutdown. Waiting for active requests to complete
2026-07-28 13:14:40.053 [NO-ID] [tomcat-shutdown] INFO  o.s.boot.tomcat.GracefulShutdown - Graceful shutdown complete
2026-07-28 13:14:40.063 [NO-ID] [SpringApplicationShutdownHook] INFO  com.zaxxer.hikari.HikariDataSource - BankHikariPool - Shutdown initiated...
2026-07-28 13:14:40.069 [NO-ID] [SpringApplicationShutdownHook] INFO  com.zaxxer.hikari.HikariDataSource - BankHikariPool - Shutdown completed.
2026-07-28 13:14:45.974 [NO-ID] [main] INFO  c.b.b.BankingApiApplication - Starting BankingApiApplication using Java 25.0.3 with PID 9826 (/home/sandy/projects/banking-api/target/classes started by sandy in /home/sandy/projects/banking-api)
2026-07-28 13:14:45.977 [NO-ID] [main] INFO  c.b.b.BankingApiApplication - No active profile set, falling back to 1 default profile: "default"
2026-07-28 13:14:47.158 [NO-ID] [main] INFO  o.s.boot.tomcat.TomcatWebServer - Tomcat initialized with port 8080 (http)
2026-07-28 13:14:47.170 [NO-ID] [main] INFO  o.a.catalina.core.StandardService - Starting service [Tomcat]
2026-07-28 13:14:47.170 [NO-ID] [main] INFO  o.a.catalina.core.StandardEngine - Starting Servlet engine: [Apache Tomcat/11.0.22]
2026-07-28 13:14:47.205 [NO-ID] [main] INFO  o.s.b.w.c.s.WebApplicationContextInitializer - Root WebApplicationContext: initialization completed in 1182 ms
2026-07-28 13:14:47.570 [NO-ID] [main] INFO  o.s.s.c.a.a.c.InitializeUserDetailsBeanManagerConfigurer$InitializeUserDetailsManagerConfigurer - Global AuthenticationManager configured with UserDetailsService bean with name customUserDetailsService
2026-07-28 13:14:48.209 [NO-ID] [main] INFO  o.s.b.a.e.web.EndpointLinksResolver - Exposing 2 endpoints beneath base path '/actuator'
2026-07-28 13:14:48.279 [NO-ID] [main] INFO  o.s.boot.tomcat.TomcatWebServer - Tomcat started on port 8080 (http) with context path '/'
2026-07-28 13:14:48.287 [NO-ID] [main] INFO  c.b.b.BankingApiApplication - Started BankingApiApplication in 2.81 seconds (process running for 3.071)
2026-07-28 13:14:56.499 [NO-ID] [http-nio-8080-exec-1] INFO  o.a.c.c.C.[Tomcat].[localhost].[/] - Initializing Spring DispatcherServlet 'dispatcherServlet'
2026-07-28 13:14:56.500 [NO-ID] [http-nio-8080-exec-1] INFO  o.s.web.servlet.DispatcherServlet - Initializing Servlet 'dispatcherServlet'
2026-07-28 13:14:56.502 [NO-ID] [http-nio-8080-exec-1] INFO  o.s.web.servlet.DispatcherServlet - Completed initialization in 2 ms
2026-07-28 13:14:56.506 [NO-ID] [http-nio-8080-exec-1] INFO  c.b.b.config.RequestLoggingFilter - Filter check: MDC.get(requestID is currently -> 9edd0520-70a2-4ccd-8316-73ad48ab0a1b
2026-07-28 13:14:56.612 [NO-ID] [http-nio-8080-exec-1] INFO  com.zaxxer.hikari.HikariDataSource - BankHikariPool - Starting...
2026-07-28 13:14:56.914 [NO-ID] [http-nio-8080-exec-1] INFO  com.zaxxer.hikari.pool.HikariPool - BankHikariPool - Added connection org.postgresql.jdbc.PgConnection@73be71c4
2026-07-28 13:14:56.917 [NO-ID] [http-nio-8080-exec-1] INFO  com.zaxxer.hikari.HikariDataSource - BankHikariPool - Start completed.
2026-07-28 13:14:56.966 [NO-ID] [http-nio-8080-exec-1] INFO  c.b.b.controller.AccountController - CONTROLLER CHECK: currentUser=03291670-ea4d-4f9b-bf95-431a1fd3f356
2026-07-28 13:14:57.030 [NO-ID] [http-nio-8080-exec-1] INFO  c.b.b.config.RequestLoggingFilter - Filter cleanup: clearing mdc
2026-07-28 13:16:45.069 [NO-ID] [SpringApplicationShutdownHook] INFO  o.s.boot.tomcat.GracefulShutdown - Commencing graceful shutdown. Waiting for active requests to complete
2026-07-28 13:16:45.076 [NO-ID] [tomcat-shutdown] INFO  o.s.boot.tomcat.GracefulShutdown - Graceful shutdown complete
2026-07-28 13:16:45.090 [NO-ID] [SpringApplicationShutdownHook] INFO  com.zaxxer.hikari.HikariDataSource - BankHikariPool - Shutdown initiated...
2026-07-28 13:16:45.099 [NO-ID] [SpringApplicationShutdownHook] INFO  com.zaxxer.hikari.HikariDataSource - BankHikariPool - Shutdown completed.
2026-07-28 13:16:50.611 [NO-ID] [main] INFO  c.b.b.BankingApiApplication - Starting BankingApiApplication using Java 25.0.3 with PID 10066 (/home/sandy/projects/banking-api/target/classes started by sandy in /home/sandy/projects/banking-api)
2026-07-28 13:16:50.613 [NO-ID] [main] INFO  c.b.b.BankingApiApplication - No active profile set, falling back to 1 default profile: "default"
2026-07-28 13:16:51.803 [NO-ID] [main] INFO  o.s.boot.tomcat.TomcatWebServer - Tomcat initialized with port 8080 (http)
2026-07-28 13:16:51.817 [NO-ID] [main] INFO  o.a.catalina.core.StandardService - Starting service [Tomcat]
2026-07-28 13:16:51.817 [NO-ID] [main] INFO  o.a.catalina.core.StandardEngine - Starting Servlet engine: [Apache Tomcat/11.0.22]
2026-07-28 13:16:51.858 [NO-ID] [main] INFO  o.s.b.w.c.s.WebApplicationContextInitializer - Root WebApplicationContext: initialization completed in 1201 ms
2026-07-28 13:16:52.211 [NO-ID] [main] INFO  o.s.s.c.a.a.c.InitializeUserDetailsBeanManagerConfigurer$InitializeUserDetailsManagerConfigurer - Global AuthenticationManager configured with UserDetailsService bean with name customUserDetailsService
2026-07-28 13:16:52.881 [NO-ID] [main] INFO  o.s.b.a.e.web.EndpointLinksResolver - Exposing 2 endpoints beneath base path '/actuator'
2026-07-28 13:16:52.956 [NO-ID] [main] INFO  o.s.boot.tomcat.TomcatWebServer - Tomcat started on port 8080 (http) with context path '/'
2026-07-28 13:16:52.966 [NO-ID] [main] INFO  c.b.b.BankingApiApplication - Started BankingApiApplication in 2.81 seconds (process running for 3.063)
2026-07-28 13:16:58.990 [NO-ID] [http-nio-8080-exec-2] INFO  o.a.c.c.C.[Tomcat].[localhost].[/] - Initializing Spring DispatcherServlet 'dispatcherServlet'
2026-07-28 13:16:58.990 [NO-ID] [http-nio-8080-exec-2] INFO  o.s.web.servlet.DispatcherServlet - Initializing Servlet 'dispatcherServlet'
2026-07-28 13:16:58.993 [NO-ID] [http-nio-8080-exec-2] INFO  o.s.web.servlet.DispatcherServlet - Completed initialization in 2 ms
2026-07-28 13:16:58.995 [NO-ID] [http-nio-8080-exec-2] INFO  c.b.b.config.RequestLoggingFilter - Filter check: MDC.get(requestID is currently -> 6623bd7b-bd3d-404f-b34f-340db29719c0
2026-07-28 13:16:59.094 [NO-ID] [http-nio-8080-exec-2] INFO  com.zaxxer.hikari.HikariDataSource - BankHikariPool - Starting...
2026-07-28 13:16:59.354 [NO-ID] [http-nio-8080-exec-2] INFO  com.zaxxer.hikari.pool.HikariPool - BankHikariPool - Added connection org.postgresql.jdbc.PgConnection@2aa0ea19
2026-07-28 13:16:59.357 [NO-ID] [http-nio-8080-exec-2] INFO  com.zaxxer.hikari.HikariDataSource - BankHikariPool - Start completed.
2026-07-28 13:16:59.397 [NO-ID] [http-nio-8080-exec-2] INFO  c.b.b.controller.AccountController - CONTROLLER CHECK: currentUser=03291670-ea4d-4f9b-bf95-431a1fd3f356
2026-07-28 13:16:59.450 [NO-ID] [http-nio-8080-exec-2] INFO  c.b.b.config.RequestLoggingFilter - Filter cleanup: clearing mdc
2026-07-28 13:18:01.468 [NO-ID] [SpringApplicationShutdownHook] INFO  o.s.boot.tomcat.GracefulShutdown - Commencing graceful shutdown. Waiting for active requests to complete
2026-07-28 13:18:01.474 [NO-ID] [tomcat-shutdown] INFO  o.s.boot.tomcat.GracefulShutdown - Graceful shutdown complete
2026-07-28 13:18:01.490 [NO-ID] [SpringApplicationShutdownHook] INFO  com.zaxxer.hikari.HikariDataSource - BankHikariPool - Shutdown initiated...
2026-07-28 13:18:01.497 [NO-ID] [SpringApplicationShutdownHook] INFO  com.zaxxer.hikari.HikariDataSource - BankHikariPool - Shutdown completed.
